topic,alligator,ant,babybeluga,bear,bee,bird,birdie,bunny,butterfly,cat,caterpillar,cheetah,chicken,chickens,chicky,cow,crab,cricket,crocodile,deeno,deer,dino,dinosaur,dinosaurs,dog,doggy,donkey,dragon,duck,duckling,ducky,elephant,fish,fishy,fox,frog,frogger,froggy,giraffe,goat,goldfish,goose,gummybear,hippo,horse,horsey,jellyfish,kangaroo,kitty,kittycat,ladybug,lamb,lamby,lion,llama,monkey,monkeys,mouse,octopus,orca,owl,peacock,peep,penguin,pig,piggy,pony,puppy,rabbit,raccoon,reindeer,robin,scuttlebug,shark,sheep,skunk,snail,snake,snowleopard,spider,squirrel,teddy,teddybear,tiger,trex,turkey,turtle,whale,wonderpets,wormy,wubba,wubby,zebra
0,0,0,0,0,0,0,0,0,0,0,9.69E-05,0,0,0,0,0,0,0,0,0,0,0,0,0,0,0,0,0,0,0,0,0,0,0,0,0,0,0,0,0,0,0,0,0,0,0,0,0,0,0,0,0,0,0,0,0,0,0,0,0,0,0,0,0,0,0,0,0,0,0,0,0,0,0,0,0,0,0,0,0,0,0,0,0,0,0,0,0,0,0,0,0,0
1,0,0,0,0.000140869,0,0.000110503,0,8.08E-05,0,0,0,0,0,1.28E-05,0,0,0,0,0,0,0,0,0,0,0.000270964,0,0,0.000206674,0.000222896,0,0,0,0.000126177,0,0.000576064,9.52E-05,0,2.85E-05,0,1.06E-05,0,0,0,0,0.000422659,0,0,0,0,0,0,0,0,0.000191964,0,8.07E-05,0,0.00013178,0,0,0,0,0,0.000181276,0,0,0,0,7.67E-05,0,0,0.000441243,0,0,3.64E-05,0,0,0.000101757,0,0.000259613,0,0,0,0.000137926,0,2.55E-06,0,0,0,0,0,0,0
2,0,4.60E-05,0,1.93E-05,0.000127718,0.000117544,0,0,0,0,0,1.46E-05,3.19E-05,1.27E-05,0,8.46E-06,0,0,1.04E-05,0,0,0,1.90E-05,1.09E-05,1.85E-05,0,2.80E-05,0,0,0,0,0,3.06E-05,2.68E-05,0.000230465,0,0,0,0,0,0,0,0,0,6.37E-05,0,0,3.95E-05,0,0,0,0,0,0,0,0,2.64E-05,0,1.94E-05,0,2.74E-05,0.000122394,0,0,0,0,0,0,0,7.87E-06,0,0.000115583,0,0,0,8.58E-06,0,0,0,0,0,0.000112103,0,0,0,0,2.43E-05,4.91E-05,0,0,0,0,0
3,0,0,0,0,0,0,0,0,0.00013695,0,0,0,0,0,0,0,0,0,0,0,0,0,0,0,0,0,0.000353486,0,0,0,0,2.37E-05,0,0,0,0,0,0,0,0,0,0,0,0,0,0,0,0,0,0,0,0,0,0,0,0,0,0,0,0,0,0,0,0,0,0,1.41E-05,0,0,0,0,0,0,0,0,0,0,0,0,0,0,0,0,0,0,0,0,0,0,0,0,0,0
4,0,0,0,0,0,0,0,0,0,0,0,0,0,0,0,0,0,0,0,0,0,0,0,0,0,0,0,0,0,0,0,0,0,0,0,0,0,0,0,0,0,0,0,0,0,0,0,0,0,0,0,0,0,0,0,0,0,0,0,0,0,0,0,0,0,0,0,0,0,0,0,0,0,0,0,0,0,0,0,0,0,0,0,0,0,0,0,0,0,0,0,0,0
5,0,0,0,0,0,0,0,0,0,0,0,0,0,0,0,0,0,0,0,0,0,0,0,0,0,0,0,0,0,0,0,0,0,0,0,0,0,0,0,0,0,0,0,0,0,0,0,0,0,0,0,0,0,0,0,0,0,0,0,0,0,0,0,0,0,0,0,0,0,0,0,0,0,0,0,0,0,0,0,0,0,0,0,0,0,0,0,0,0,0,0,0,0
6,0,8.15E-05,0,0,0,0,0,0,0,0,0,0,0,0,0,0,0,0,0,0,0,0,0,0,0,0,0,0,0,0,0,0,0,0,0,0,0,0,0,0,0,0,0,0,0,0,0,0,0,0,0,0,0,0,0,0,0,0,0,0,0,0,0,0,0,0,0,0,0,0,0,0,0,0,0,0,0,0,0,0,0,0,0,0,0,0,0,0,0,0,0,0,0
7,0,0,0,0,0,0,0,0,0,0,0,0,0,0,0,0,0,0,0,0,0,0,0,0,0,0,0,0,0,0,0,0,0,0,0,0,0,0,0,0,0,0,0,0,0,0,0,0,0,0,0,0,0,0,0,0,0,0,0,0,0,0,0,0,0,0,0,0,0,0,0,0,0,0,0,0,0,0,0,0,0,0,0,0,0,0,0,0,0,0,0,0,0
8,0,0.000205023,0,0,0,0,0,0,0,0,0,0,2.59E-05,0,0,0,0,0.000789422,4.69E-05,0,0,0.000221398,0,0,0,0,0,0,0,0,0,5.77E-05,0,0,0,0,0,0,0.000424251,0,0,0,0,0,0,0,0,0.000210859,0,0,0,0.000246402,0,0,0,0,0,0,0,0,0,0,3.61E-05,0,2.68E-06,0.000126613,0,0,0,0,0,0,0,0.000158855,0,0,0,0,0,0,0,0,0,0,0,0,0,0,0,0,0,0,0
9,0,0,0,4.43E-05,1.96E-05,0,0,0,0,0,7.60E-06,0,0,0,0,0,0,0,0,0,0,0,0,0,0,0,1.92E-05,0,0,0,0,3.16E-05,0,0,0,0,0,0,0,0,0,0,0,0,0,0,0,0,0,0,0,0,0,0,0,0,0,0,0,0,0,0,0,1.84E-05,0,0,0,0,0,0,0,3.33E-05,0,0,0,0,0,0,0,0,0,0,0,0,0,0.000287371,0,0,0,0,0,0,0
10,0,0,0,0,0,0,0,0,0,0,0,0,0,0,0,0,0,0,0,0,0,0,0,0,0,0,0,0,0,0,0,0,0,0,0,0,0,0,0,0,0,0,0,0,0,0,0,0,0,0,0,0,0,0,0,0,0,0,0,0,0,0,0,0,0,0,0,0,0,0,0,0,0,0,0,0,0,0,0,0,0,0,0,0,0,0,0,0,0,0,0,0,0
11,0,0,0,0,0,0,0,0,0,0,0,0,0,0,0,0,0,0,0,0,0,0,0,0,0,0,0,0,0,0,0,0,0,0,0,0,0,0,0,0,0,0.00015411,0,0,0,0,0,0,0,0,0,0,0,0,0.00044422,0,0,0,0,0,0,0,0,0,0,0,0,0,0,0,0,0,0,0,0,0,0,0,0,0,0,0,0,0,0,0,0,0,0,0,0,0,0
12,0,0,0,0,0,0,0,0,0,0,0,0,0,0,0,0,0,0,0,0,0,0,0,0,0,0,0,0,0,0,0,0,0,0,0,0,0,0,0,0,0,0,0,0,0,0,0,0,0,0,0,0,0,0,0,0,0,0,0,0,0,0,0,0,0,0,0,0,0,0,0,0,0,0,0,0,0,0,0,0,0,0,0,0,0,0,0,0,0,0,0,0,0
13,0,0,0,0,0,0,0,0,0,0,0,0,0,0,0,0,0,0,0,0,0,0,0,0,0,0,0,0,0,0,0,0,0,0,0,0,0,0,0,0,0,0,0,0,0,0,0,0,0,0,0,0,0,0,0,0,0,0,0,0,0,0,0,0,0,0,0,0,0,0,0,0,0,0,0,0,0,0,0,0,0,0,0,0,0,0,0,0,0,0,0,0,0
14,0,0,0,0,0,0,0,0,7.02E-05,0,0,0,0,0,0,0,0,0,0,0,0,0,0,0,0,0,0,0,0,0,0,0,0,0,0,0,0,0,0,0,0,0.000110656,0,0,0,0,0,0,0,0,0,0,0,0,0,0,0,0,0,0,0,0,0,0,0,0,0,0,0,0,0,0,0,0,0,0,0,0,0,0,0,0,0,0,0,0,0,0,0,0,0,0,0
15,0,9.44E-05,0,0,0,0,0,0,0,0,0,0,0,0,0,0,0,0,0,0,0,0,0,0,0,0,0,0,0,0,0,0,0,0,0,0,0,0,0,0,0,0,0,0,0,0,0,0,0,0,0,0,0,0,0,0,0,0,0,0,0,0,0,0,0,0,0.001476182,0,0,0,0,0,0,0,0,0,0,0,0,0,0,0,0,0,0,0,0,0,0,0,0,0,0
16,0,0,0,0,0,0,0,0,0,0,0,0,0,0,0,0,0,0,0,0,0,0,0,0,0,0,0,0,0,0,0,0,0,0,0,0,0,0,0,0,0,3.07E-05,0,0,0,0,0,0,0,0,0,0,0,0,0,0,0,0,0,0,0,0,0,0,0,0,0,0,0,0,0,0,0,0,0,0,0,0,0,0,0,0,0,0,0,0,0,0,0,0,0,0,0
17,0,0,0,0,0,0,0,0,0,0,0,0,0,0,0,0,0,0,0,0,0,0,0,0,0,0,0,0,0,0,0,0,0,0,0,0,0,0,0,0,0,0,0,0,0,0,0,0,0,0,0,0,0,0,0,0,0,0,0,0,0,0,0,0,0,0,0,0,0,0,0,0,0,0,0,0,0,0,0,0,0,0,0,0,0,0,0,0,0,0,0,0,0
18,0,7.14E-05,0,0.000207432,0.001111587,0,0,0,0.002494798,0,0,0,0,0,0,0,0,0,0,0,0,0,0,0,0,0,0,0,0,0,0,0,0,0,0,0,0,0,0,0,0,0,0,0,0,0,0,0,0,0,0,0,0,0,0,0,0,9.86E-05,0,0,0,0,0,0,0,0,7.01E-06,0,0,0,0,0,0,0,0,0,0,0,0,0,0,0,0,0,0,0.000295323,0,0,0,0,0,0,0.000190154
19,0,0,0,0,0.000108389,0.003473749,0,0,0.000236884,0,0,0,0,0,0,0,0,0,0,0,0,0,0.002029329,0.00084356,0,0,0,0,0.001731021,0,0,0.00127743,0,0,0,0,0,0,0,0,0,0.003368174,0,0,0,0,2.84E-05,0,0,0,0,0,0,2.83E-05,0,0,0,0,0,0,0.003875918,0.00062732,0,0.000278035,0,0,0,0,0,0,0,0.000267864,0,0.002107389,0,0,0,0,0,0,0,0,0,0,0,0,0.000294305,0,0,0,0,0,0.000914668
20,0,0,0,2.90E-05,0,0,0,0,0,5.61E-05,1.22E-05,0,0,0,0,0,0,8.16E-06,0,0,0,0,0,0,0,0,0,2.00E-05,0,0,0,3.73E-05,0,0,0,0,0,0,0,6.59E-06,0,0,0,0,2.58E-05,0,0,0,0,0,0,0,0,0.000159433,0,2.56E-05,1.06E-05,7.67E-06,0,0,0,2.66E-05,0,1.67E-05,0,0,0,0,0,0,2.87E-05,0,0,4.74E-05,0,0,0,0,0,2.76E-05,0,0,0,0,0,6.82E-05,5.47E-06,0,0,0,0,0,6.11E-05
21,0,0,0,0,0,0,0,0,0,0,0,0,0,0,0,0,0,0,0,0,0,0,0,0,0,0,0,0,0,0,0,0,0,0,0,0,0,0,0,0,0,7.09E-05,0,0,0,0,0,0,0,0,0,0,0,0,0,0,0,0,0,0,0,0,0,0,0,0,0,0,0,0,0,0,0,0,0,0,0,0,0,0,0,0,0,0,0,0,0,0,0,0,0,0,0
22,0,0.000735105,0,0.000293742,0,0.00029834,0,0,0,8.50E-05,0,0,0,0,0,6.63E-05,0,0,0.000173312,0,0,0,0,0,7.90E-05,0,0.000139489,0,0,0,0,0.000119243,0.001650975,0,0,0.001251155,0,0,0,1.64E-05,0,0,0,0,8.33E-05,0,0,0,0,0,0,0,0,0,0,0,0,0,0,0,0,0,0,0,0,0,0,0,0,0,2.24E-06,0,0,0,5.64E-05,0,0,0.001164941,0,0.002715626,0,0,0,6.56E-05,0,0,0,0,0,0,0,0,0
23,0,0,0,0,0,0,0,0,0,0,0,0,0,0,0,0,0,0,0,0,0,0,0,0,0,0,0,0,0,0,0,0,0,0,0,0,0,0,0,0,0,0,0,0,0,0,0,0,0,0,0,0,0,0,0,0,0,0,0,0,0,0,0,0,0,0,0.000169408,0,0,0,0,0,0,0,0,0,0,0,0,0,0,0,0,0,0,0,0,0,0,0,0,0,0
24,0,0,0,0,0,0,0,0,0,0,0,0,0,0,0,0,0,0,0,0,0,0,0,0,0,0,0,0,0,0,0,0,0,0,0,0,0,0,0,0,0,0,0,0,0,0,0,0,0,0,0,0,0,0,0,0,0,0,0,0,0,0,0,0,0,0,0,0,0,0,0,0,0,0,0,0,0,0,0,0,0,0,0,0,0,0,0,0,0,0,0,0,0
25,0,0,0,0,0,0,0,0,3.60E-05,0,0,0,0,0,0,0,0,0,0,0,6.91E-05,0,0,0,0,0,0,0,0,0,0,0,0,0,0,0,0,0,0,0,0,0,0,0,0,0,0,0,0,0,0,0,0,0,0,0,0,0,0,0,0,0,0,0,0,0,0,0,0,0,0,0,0,0,0,0,0,0,0,0,0,0,0,0,0,0,0,0,0,0,0,0,7.26E-05
26,0,0,0,0,0,0,0,0,0,0,0,0,0,0,0,0,0,6.89E-06,0,0,0,0.000259733,0,0,0,0,0,0,0,0,0,0,0,0,0,0,0,0,0,0,0,0,0,0,0,0,0,0,0,0,0,0,0,0,0,0,0,0,0,0,0,0,0,0,0,0,0,0,0,0,0,0,0,0,0,0,0,0,0,0,0,0,0,0,0,0,0,0,0,0,0,0,0
27,9.17E-06,0,0,0,0.000146006,0.000140092,0,0,0.000149182,0.00017429,0,0,0,0,0,1.85E-05,0,1.48E-05,0,0,0,0,0,2.19E-05,0.000113698,0,0,0,7.00E-05,0,8.34E-06,0,4.61E-05,0,8.41E-05,0,0,0,0,1.52E-05,0,0,0,0,3.70E-05,0,0,0,0,0,1.26E-05,0,0,0.000129392,0,9.02E-05,0,0,0,0,0,0,0,8.49E-05,0,0,0,0,0,0,0,0.000202183,0,0,0,0,0,0,0,0,9.01E-06,0,0,4.29E-05,0,2.00E-05,2.57E-05,0,0,0,0,0,0
28,0,0,0,0,0,0,0,0,0,0,0,0,0,0,0,0,0,0,0,0,0,0,0,0,0,0,0,0,0,0,0,0,0,0,0,0,0,0,0,0,0,0,0,0,0,0,0,0,0,0,0,0,0,0,0,0,0,0,0,0,0,0,0,0,0,0,0,0,0,0,0,0,0,0,0,0,0,0,0,0,0,0,0,0,0,0,0,0,0,0,0,0,0
29,0,0,0,5.13E-05,0,0,0,0,0,0.000116685,0,0,0,0,0,7.69E-06,6.98E-05,2.84E-05,0,0,1.09E-05,0,7.01E-05,0,8.92E-05,0,0,0,2.70E-05,0.000276763,0,0,0,0,9.10E-06,0,0,0,0,0,0,0.00014417,0,0,0,0,0,0,3.72E-05,0,0,0,0,0,0,4.82E-05,0.000137915,0.000132105,0,0,2.09E-05,5.39E-05,6.16E-05,0,0,0,0,0,3.12E-05,9.26E-06,0,0,0,0.000577367,0,0,5.70E-05,0,0,1.32E-05,2.99E-05,4.31E-05,0,0,0,0,0,0,0,0,0,0,0
30,0,0,0,0,0,0,0,0,0,0,0,0,0,0,0,0,0,0,0,0,0,0,0,0,0,0,0,0,0,0,0,0,0,0,0,0,0,0,0,0,0,0,0,0,0,0,0,0,0,0,0,0,0,0,0,0,0,0,0,0,0,0,0,0,0,0,0,0,0,0,0,0,0,0,0,0,0,0,0,0,0,0,0,0,0,0,0,0,0,0,0,0,0
31,0,0,0,5.83E-05,0,0.000146558,0,0,0,0.000148202,0,0,0,0,0,2.08E-05,5.77E-06,0,4.36E-05,0,2.53E-05,0,0.000190612,7.57E-05,5.29E-05,0,0,0.00019644,0,0,0,0,8.08E-05,0,1.61E-05,2.21E-05,0,0,0,0,0,0,0,0,0.000116927,0,0,0,0,0,0,4.10E-05,0,0.000173187,0,0,0,2.04E-05,0,0,6.53E-05,0,0,6.53E-05,0,0,0,0,0,0,0,4.91E-05,0,0.000115667,2.43E-05,0,3.30E-05,0,0,0,0,0,0,8.54E-06,0,0,0,0,0,0,0,0,0
32,0,0,0,0,0,0,0,0,0,0,0,0,0,0,0,0,0,0,0,0,0,0,0,0,0,0,0,0,0,0,0,0,0,0,0,0,0,0,0,0,0,0,0,0,0,0,0,0,0,0,0,0,0,0,0,0,0,0,0,0,0,0,0,0,0,0,0,0,0,0,0,0,0,0,0,0,0,0,0,0,0,0,0,0,0,0,0,0,0,0,0,0,0
33,0,0,0,0,0,0,0,0,0,0,0,0,0,0,0,0,0,0,0,0,0,0,0,0,0,0,0,0,0,0,0,0,0,0,0,0,0,0,0,0,0,0,0,0,0,0,0,0,0,0,0,0,0,0,0,0,0,0,0,0,0,0,0,0,0,0,0,0,0,0,0,0,0,0,0,0,0,0,0,0,0,0,0,0,0,0,0,0,0,0,0,0,0
34,0,7.85E-05,0,0,0,0,0,0,0,0,0,0,0,0,0,0,0,0,0,0,0,0,0,0,0,0,0,0,0,0,0,0,0,0,0,0,0,0,0,0,0,0,0,0,0,0,0,0,0,0,0,0,0,0,0,0,0,0,0,0,0,0,0,0,0,0,0,0,0,0,0,0,0,0,0,0,0,0,0,0,0,0,0,0,0,0,0,0,0,0,0,0,0
35,0,0,0,0,0,0,0,0,0,0,0,0,0,0,0,0,0,0,0,0,0,0,0,0,0,0,0,0,0,0,0,0,0,0,0,0,0,0,0,0,0,0,0,0,0,0,0,0,0,0,0,0,0,0,0,0,0,0,0,0,0,0,0,0,0,0,0,0,0,0,0,0,0,0,0,0,0,0,0,0,0,0,0,0,0,0,0,0,0,0,0,0,0
36,0,0,0,0.00031901,0,6.82E-05,0,0.000192026,0,0.000517518,0,0,0,0,0,0,0,0,0,0,4.30E-05,0.000248116,0,0,0.00054238,0,0,0.000690562,0,0,0,0.000197878,0,0,0.001161269,0,0,0,0,6.74E-05,0,0,0,0,0.000196483,0,0,0,0.000416236,0,0,0,0,0,0,0,6.27E-05,0,0,0,0,0,0,0,0.000151739,0,0,0,0.00026698,0,0,0.000237898,0,0,5.18E-05,0,0,0.000110105,0,0,0,0.000658153,0,0.000384862,0,3.21E-05,7.68E-05,0,0,0,0,0,0
37,0,0,0,0.000132226,5.12E-05,0.000151885,0,0,0,0,0,0,4.50E-05,0,0,6.74E-05,0,0,4.39E-05,0,3.13E-05,0,0,0,0.000205592,0,0,0,0,0,0,0,0,0,5.09E-05,0,0,0,0,0,0,0,0,1.04E-05,0.000164736,0,0,0,0,0,0,0.000123581,0,0.000176015,0,0,0,4.58E-05,0,0,0,0,0,0,0,0,0,0.000121214,0,0,0,0,0,0,6.68E-05,0,0,9.78E-05,0,0,0,6.50E-05,0,4.77E-05,0,2.16E-05,0,0,0,0,0,0,0
38,0,0,0,0,0,0,0,0,0,0,0,0,0,0,0,0,0,0,0,0,0,0,0,0,0,0,0,0,0,0,0,0,0,0,0,0,0,0,0,0,0,0,0,0,0,0,0,0,0,0,0,0,0,0,0,0,0,0,0,0,0,0,0,0,0,0,0,0,0,0,0,0.001253082,0,0,0,0,0,0,0,0,0,0,0,0,0,0.000341606,0,0,0,0,0,0,0
39,0,0,0,0,0,0,0,0,0,0,0,0,0,0,0,0,0,0,0,0,0,0,0,0,0,0,0,0,0,0,0,0,0,0,0,0,0,0,0,0,0,0,0,0,0,0,0,0,0,0,0,0,0,0,0,0,0,0,0,0,0,0,0,0,0,0,0,0,0,0,0,0,0,0,0,0,0,0,0,0,0,0,0,0,0,0,0,0,0,0,0,0,0
40,0,0,0,0,2.76E-05,7.18E-05,0,0,0,0.000186445,0.000215019,0.000158248,0,0,0,0,0,4.54E-05,0,0,0,0,0,0,1.90E-05,0,0,0.000102612,3.18E-05,0,0,1.80E-05,0,0,0,7.97E-06,0,0,0,0,0,0,0,0,0,0,0,0,0,0,0,0,0,0,0,0,0,8.93E-05,0,0,0,2.91E-05,0,0,0,1.65E-05,0,0,0,0,0,2.56E-05,0,0,0,0,0,0,0,0,0,1.31E-05,0,0,0,0,0,0,0,0,0,0,0
41,0,0,0,0,0,0,0,0,0,0,0,0,0,0,0,0,0,0,0,0,0,0,0,0,0,0,0,0,0,0,0,0,0,0,0,0,0,0,0,0,0,0,0,0,0,0,0,0,0,0,0,0,0,0,0,0,0,0,0,0,0,0,0,0,0,0,0,0,0,0,0,0,0,0,0,0,0.03179546,0,0,0,0,0,0,0,0,0,0,0,0,0,0,0,0
42,0,0,0,0,0,0,0,0,0,0,0,0,0,0,0,0,0,0,0,0,0,0,0,0,0,0,0,0,0,0,0,0,0,0,0,0,0,0,0,0,0,0,0,0,0,0,0,0,0,0,0,0,0,0,0,0,0,0,0,0,0,0,0,0,0,0,0,0,0,0,0,0,0,0,0,0,0,0,0,0,0,0,0,0,0,0,0,0,0,0,0,0,0
43,0,0,0,0,0,0,0,0,0,0,0,0,0,0,0,0,0,0,0,0,0,0,0,0,0,0,0,0,1.14E-05,0,0,9.51E-06,9.72E-06,0,0,0,0,0,0,0,0,0,0,0,0,0,0,7.18E-06,0,0,0,0,0,0,0,0,0,0,0,0,0,0,0,0.000167376,0,0,0,0,0,0,0,2.95E-05,0,0,0,0,0,0,0,0,0,0,0,0,0,0,0,0,0,0,0,0,0
44,0,0,0,0,0,0,0,0,0,0,0,0,0,0,0,0,0,0,0,0,0,0,0,0,0,0,0,0,0,0,0,0,0,0,0,0,0,0,0,0,0.001109611,0,0,0,0,0,0,0,0,0,0,0,0,0,0,0,0,0,0,0,0,0,0,0,0,0,0,0,0,0,0,0,0,0,0,0,0,0,0,0,0,0,0,0,0,0,0,0,0,0,0,0,0
45,0,0,0,2.59E-05,0,0,0,0,0,4.84E-05,0,0,0,0,0,0,0,0,0,0,0,5.22E-05,0,0,0,0,0,9.89E-06,0,0,0,0,1.08E-05,0,7.15E-06,0,0,0,0,0,0,7.21E-05,0,0,0,0,0,0,0,0,0,8.40E-06,0,2.85E-05,0,0,0,0,0,0,0,2.56E-06,0,1.08E-05,0,0,0,7.76E-06,0,0,0,0,0,0,0,0,0,0,0,0,0,0,0,1.60E-05,0,0.00097509,0,2.27E-05,0,0,0,0,0
46,0,0,0,0,0,0,0,0,0,0,0,0,0,0,0,0,0,0,0,0,0,0,0,0,0,0,0,0,0,0,0,0,0,0,0,0,0,0,0,0,0,0,0,0,0,0,0,0,0,0,0,0,0,0,0,0,0,0,0,0,0,0,0,0,0,0,0,0,0,0,0,0,0,0,0,0,0,0,0,0,0,0,0,0,0,0,0,0,0,0,0,0,0
47,2.19E-05,0,0,0,0,0,0,0,0,0,0,0,6.01E-05,4.63E-05,0,0,0.000201477,0,0,0,0,0,0,0,0,0,0,0,0,0,0,0,0.000189274,0,0,0,0,0,0,0,0,0,0,0,0,0,9.86E-05,0,0,0,0,0,0,0,0,0,0,0.000305316,5.47E-05,0,0,0,0,0,9.57E-05,0,0,0,4.55E-05,0,0,0,0,0,5.79E-05,0,0,0,0,0,0,0,0,0,0,5.77E-05,7.65E-05,0.000101676,0,0,0,0,0
48,0,0.000229725,0,0,9.52E-06,0,0.000228348,0,6.01E-05,0,0,0,3.39E-05,0,0,0,0,5.29E-05,0,0,0,0.000137238,3.86E-05,0,0,0,0,0,0,0,0,3.33E-05,0,0,0,0,0,0,0,0,0,0,0,0,0,8.08E-05,0,0,0.000106836,0,0,5.34E-05,0,0,0,0,0,0,2.58E-05,2.56E-05,0,2.70E-05,0,0,0,0,0,0,0,0,0,0.000609696,0,0,0,0,0,0,0,9.14E-05,0,0.000157232,0,0,0,0,1.30E-07,0,0,0,0,0,0
49,0,0,0,0,0,0,0,0,0,0,0,0,0,0,0,0,0,0,0,0,0,0,0,0,0,0,0,0,0,0,0,0,0,0,0,0,0,0,0,0,0,0.000133184,0,0,0,0,0,0.005103618,0,0,0,0,0,0,0,0,0,0,0,0,0,0,0,0,0,0,0,0,0,0,0,0,0,0,0,0,0,0,0,0,0,0,0,0,0,0,0,0,0,0,0,0,0
50,0,0,0,8.28E-05,0,5.31E-05,0,0,0,0,0,2.84E-05,0,0,0,2.12E-05,1.47E-05,0,0,0,3.27E-05,0,0,0,0,0,0,0.000121536,0,0,0,0,2.41E-05,0,0,0,0,0,0,7.71E-05,0,0,0,3.82E-05,0.000207367,0,0,0,0,0,0,0,0,0.000229462,0,2.83E-05,0,0,0,0,7.26E-06,0,0,0,0,0,0,0,0,0,0,0,0,0,1.48E-05,0,0,9.41E-05,0,2.17E-07,0,0,0,0,0,0.000849875,0,0,0,0,0,0,0
51,0,0,0,0,0,0,0,0,0,0,0,0,0,0,0,0,0,0,0,0,0,0,0,0,0,0,0,0,0,0,0,0,0,0,0,0,0,0,0,0,0,0,0,0,0,0,0,0,0,0,0,0,0,0,0,0,0,0,0,0,0,0,0,0,0,0,0,0,0,0,0,0,0,0,0,0,0,0,0,0,0,0,0,0,0,0,0,0,0,0,0,0,0
52,0,0,0,0,0,0,0,0,0,0,0,0,0,0,0,0,0,0,0,0,0,0,0,0,0,0,0,0,0,0,0,0,0,0,0,0,0,0,0,0,0,0,0,0,0,0,0,0,0,0,0,0,0,0,0,0,0,0,0,0,0,0,0,0,0,0,0,0,0,0,0,0,0,0,0,0,0,0,0,0,0,0,0,0,0,0,0,0,0,0,0,0,0
53,0,0,0,0,0,0,0,5.44E-06,0,8.04E-05,0,0,0,0,0,0,0,0,0,0,0,2.18E-05,0,0,0,0,4.80E-05,0.000110115,0,0,0,0,3.36E-05,0,0.000130921,0,0,0,0,0,0,0,0,0,1.68E-05,0,0,0,2.35E-05,0,0,0,0,3.74E-05,0,3.78E-05,0,0,0,0,0,0,0,0,0,0,0,0,9.09E-05,0,0,0,0,0,0,0,0,0,0,4.29E-05,0,0,0,6.25E-05,0,0,0,0,0,0,0,0,0
54,0,0,0,0,0,0,0,0,0,3.76E-05,0,0,0,0,0,0,0,0,0,0,0,0,0,0,0,0,0,0,0,0,0,0,0,0,0,0,0,0,0,0,0,0,0,0,0,0,0,0,0,0,0,0,0,0,0,0,0,0,0,0,0,0,0,0,0,0,0,0,0,0,0,0,0,0,0,0,0,0,0,0,0,0,0,0,0,0.012033492,0,0,0,0,0,0,0
55,0,0,0,0,0,0,0,0,0,0,0,0,0,0,0,0,0,0,0,0,0,0,0,0,0,0,0,0,0,0,0,0,0,0,0,0,0,0,0,0,0,0,0,0,0.000121818,0,0,8.60E-07,0,0,0,0,0,4.76E-05,0,0,0,0,0,0,0,1.05E-05,0,0,0,0,0,0,0,0,0,2.41E-05,0,0,0,0,0,0,0,0,0,0,0,0,0,0,0,0,0,0,0,0,0
56,0,0,0,0,0,0,0,0,0,0,0,0,0,0,0,0,0,0,0,0,0,0,0,0,0,0,0,0,0,0,0,0,0,0,0,0,0,0,0,0,0,8.30E-05,0,0,0,0,0,0,0,0,0,0,0,0,0,0,0,0,0,0,0,0,0,0,0,0,0,0,0,0,0,0,0,0,0,0,0,0,0,0,0,0,0,0,0,0,0,0,0,0,0,0,0
57,0,0,0,0,0,0,0,0,0.000115023,0,8.53E-06,0,0,0,0,0,9.70E-05,0,0,0,7.35E-05,0,4.91E-05,0,0,0,0,0,0,0,0,0,0,0,0,0,0,0,0,0,0,0,0,0,0,0,0,0,0,0,0,0,0,0,0,0.000112705,2.76E-05,0,0,0,0,0,0,0,0,0,5.33E-05,0,0,0,0.000549465,0,0,0,0,0,0.000162099,0,0,0,0,0.000103731,0,0,0,0,0,8.81E-05,0,0,0,0,0
58,0,0,0,0,0,0,0,0,0,0,0,0,0,0,0,0,0,0,0,0,0,0,0,0,0,0,0,0.000896452,0,0,0,0.000677332,0,0,0,0,0,0,0,0,0,0,0,0,0,0,0,0,0,0,0,0,0,0,0,0,0,0,0,0,0,0,0,0,0,0,0,0,0,0,0,0,0,0,0,0,0,0,0,0,0,0,0,0,0,0,0,0,0,0,0,0,0
59,4.91E-06,0,0,3.84E-05,0,8.02E-06,0,0,0,0,0,0,0,0,0,0,0,2.34E-05,0,0,0,0,0,0,1.62E-05,0,0,0,0,0,0,6.87E-05,1.97E-05,0,1.78E-05,0,0,0,2.58E-05,0,0,0,0,0,0.000287188,0,0,0,0,0,0,0,0,8.73E-05,0,0,0,0,0,0,0,0,0,0,0,0,0,0,0,0,0,0,0,0.000145044,1.02E-05,0,0,0,0,1.47E-05,0,2.00E-05,0,0.00020665,0,5.06E-05,0,0,0,0,0,0,0
60,0,0,0,0,0,0,0,0,0.00011683,0,0,0,3.75E-05,0,0,0,0,0.000104225,3.94E-06,0,0,2.48E-05,0,0,0,0,0,0,0,0,0,0,0,0,0,0,0,0,0,0,0,7.80E-05,0,0,0,0,0,6.82E-05,0,0,0,0,0,0,0,0,0,0,0,0,0,0,0,0,0,0,0,0,0,0,0,0.000315826,0,0,0,0,0,0,0,0,0,0.000147441,0,0,0,0,0,0,0,0,0,0,4.32E-05
61,0,0,0,0,0,0,0,0,0,0,0,0,0.00017763,0,0,0,0,0,0,0,0,0,6.23E-05,0,0,0.000275074,0,0.000106144,0.000224946,0,0,0,0,0,0,3.53E-05,0,0,0,0,0,0,0,0,0,0,0,0,0,0,0,0,0,0,0,0,0,0,0,0,0,0,0,0,0,0,0,0,0,0,0,0,0,0,0,0,0,0,0,0,0,0,0,0,0,0,0,0,0,0,0,0,0
62,0.000279351,0,0,0.000568374,0.000353986,0.000155732,0,0,0.000177402,0.001350578,0,0,0.00179593,0.000333612,0,0.000580664,0.00064535,0,0,0,0.000354693,0,0,0,0.001593883,0,0,0.000209392,0,0,0,0.000458942,0.001484432,0,7.64E-05,8.53E-05,0,0,0,0.000648674,0,0,0,0.00011037,5.54E-05,0,0,0,0.000143454,0,0,0.000362593,0,0.000147157,0,0.00069128,0.000366468,0.000324027,0.000435209,0,0.000270529,0,0,8.84E-05,0.000518185,0,0,0,0.000441959,0.000214884,0,0,0,0,0.000790163,0.000239096,0,0.000261204,0,0,0.000748648,0,0,0.000462572,0,0.00014221,0.000321648,0.000289578,0,0,0,0,0
63,0,0,0,2.57E-05,0,0.000234369,0,0,0,0,0,0,0,0,0,1.88E-05,0,0,0,0,0,0,0,0,0,0,0,0,0,0,0,0,0.000510587,0,4.13E-05,0,0,0,0,0,0,0,0,0,4.46E-06,0,0,0,0,0,0,0,0,0,0,0,0,0,0,0,0,1.07E-05,0,0,2.24E-05,0,0,0,0,0,0,7.42E-05,0,0.000137148,3.11E-05,0,0,0,0,0,0,0,0,5.69E-05,0,0.000644148,0.000285925,0.000296252,0,0,0,0,0
64,0,0,0,0,0,0,0,0,0,0,0,0,0,0,0,0,0,0,0,0,0,0,0,0,0,0,0,0,0,0,0,0,0,0,0,0,0,0,0,0,0,0,0,0,0,0,0,0,0,0,0,0,0,0,0,0,0,0,0,0,0,0,0,0,0,0,0,0,0,0,0,0,0,0,0,0,0,0,0,0,0,0,0,0,0,0,0,0,0,0,0,0,0
65,0,0,0,0,0,0,0,0,0,0,0,0,3.20E-05,0,0,0,0,0.000750778,5.14E-06,0,0,0,0,0,0,0,0,0,0,0,0,0.000193053,0,0,0,0,0,0,0,0,8.84E-06,0,0,0,0,0,0,0,0,0,0,0,0,0,0,0,4.82E-05,0,0,0,0,0,0,0,0,0,0,0,0,0,0,0,0,0,0,0,0,0,0,0,0,0,0,0.000147909,0,5.64E-05,0,0,0,0,0,0,0
66,0,0,0,0,0,0,0,0,0,0,0,0,0,0,0,0,0,0,0,0,0,0,0,0,0,0,0,0,0,0,0,0,0,0,0,0,0,0,0,0,0,0,0,0,0,0,0,0,0,0,0,0,0,0,0,0,0,0,0,0,0,0,0,0,0,0,0,0,0,0,0,0,0,0,0,0,0,0,0,0,0,0,0,0,0,0,0,0,0,0,0,0,0
67,0,0,0,0,0,0,0,0,0,0,0,0,0,0,0,0,0,0,0,0,0,0,0,0,0,0,0,0,0,0,0,0,0,0,0,0,0,0,0,0,3.11E-05,0,0,0,0,0,0.000367097,0,0,0,0,0,0,0,0,0,0,0,0,0,0,0,0,0,0,0,0,0,0,0,0,0,0,0,0,0,0,0,0,0,0,0,0,0,0,0,0,0,0,0,0,0,0
68,0,0,0,0,0,0,0,0,0,0,0,0,0,0,0,0,0,0.046543085,0,0,0,0,0,0,0,0,0,0,0,0,0,0,0,0,0,0,0,0,0,0,0,0,0,0,0,0,0,0.000271614,0,0,0,0,0,0,0,0,0,0,0,0,0,0,0,0,0,0,0,0,0,0,0,0,0,0,0,0,0,0,0,0,0,0,0,0,0,0,0,0,0,0,0,0,0
69,0,0,0,0,6.11E-05,0,0,0,0,1.19E-05,4.73E-05,0,4.55E-05,0,0,0,0,0.000156709,0,0,0.000185336,0,1.70E-05,9.21E-06,0,0,0,0,0.00012867,0,0,0,0,0,1.57E-05,0,0,0,0,0,0,0,0,0,0,0,0,0,0,0,0,5.71E-05,0,0,0,0.00012626,8.72E-05,0,0,0.000333372,1.06E-05,0,0,0,3.75E-05,0,0,0.000102146,0,0,0,0.000554187,0,0,6.00E-05,0,0,0,0,0,2.48E-05,0,0,0,0,0,0,8.66E-05,0,0,0,0,0
70,0,0,0,0,0,0,0,0,0,0,0,0,0,0,0,0,0,0,0,0,0,0,0,0,0,0,0,0,0,0,0,0,0,0,0,0,0,0,0,0,0,0,0,0,0,0,0,0,0,0,0,0,0,0,0,0,0,0,0,0,0,0,0,0,0,0,0,0,0,0,0,0,0,0,0,0,0,0,0,0,0,0,0,0,0,0,0,0,0,0,0,0,0
71,2.87E-06,0,0,2.18E-05,8.23E-05,1.33E-05,0,0,0.00017367,4.13E-05,0,0,0,0,0,9.62E-06,4.21E-06,0,5.24E-06,0,1.63E-05,0,0,0,1.62E-06,0,0,3.32E-05,0,0,0,0,4.88E-05,0,0.000120609,0,0,0,0,0,0,0,0,0,0.000446619,0,0,0,0,0,0,2.66E-05,0,2.92E-05,0,0,0,0,0,0,4.16E-06,0,0,4.93E-07,3.59E-06,0,3.46E-05,0,2.94E-06,0,0,0,0,0,0,0,0,3.79E-06,0,0,0,0,0,0,0,0.00025121,0,8.01E-05,0,0,0,0,0
72,0,0,0,0,0,0,0,0,0,0,0,0,0,0,0,0,0,0,0,0,0,0,0,0,0,0,0,0,0,0,0,0,0,0,0,0,0,0,0,0,0,0,0,7.30E-05,0,0,0,0,0,0,0,0,0,0,0,0,0,0,0,0,0,0,0,0,0,0,0,0,0,0,0,0,0,0,0,0,0,0,0,0,0,0,0,0,0,0,0,0,0,0,0,0,0
73,0,8.06E-05,0,0,0,0,0,0,0,0,0,0,0,0,0,0,0,0,0,0,0,0,0,0,0,0,0.000129111,0,0,0,0,3.71E-05,0,0,0,0,0,0,0,0,0,0,0,0,0,0,0,0,0,0,0,0,0,0,0,0,0,0,0,0,0,0,0.000372013,0,0,0,0,0,0,0,2.05E-05,0,0,0,0,0,0,0,0,0,0,0,0,0,0,0,0,0,0,0,0,0,0
74,0,0,0,0.00016754,0,0.000162126,0,1.35E-06,0,2.76E-05,0,0,0,2.32E-05,0,8.61E-05,0,8.05E-05,0,0,0.000229663,0,0,0,0.000135492,0,0,3.82E-05,6.95E-05,0,0,0,0.000536983,0,0.000134217,3.11E-05,0,0,0,3.60E-05,0,0,0,0,0.000283905,0,0,0,2.47E-05,0,0,5.39E-05,0,8.26E-05,0,0,0,2.24E-05,0,0,4.39E-05,2.64E-05,0,7.25E-06,5.16E-05,1.11E-05,0.000122732,0,6.13E-05,0,1.46E-05,3.22E-05,0,4.56E-05,0.000357499,0,0,6.76E-05,0,4.95E-06,6.11E-05,0,0,6.99E-05,0,0.000134924,0,0,0,0,0,0,0
