"topic","alligator","ant","babybeluga","bear","bee","bird","birdie","bunny","butterfly","cat","caterpillar","cheetah","chicken","chickens","chicky","cow","crab","cricket","crocodile","deeno","deer","dino","dinosaur","dinosaurs","dog","doggy","donkey","dragon","duck","duckling","ducky","elephant","fish","fishy","fox","frog","frogger","froggy","giraffe","goat","goldfish","goose","gummybear","hippo","horse","horsey","jellyfish","kangaroo","kitty","kittycat","ladybug","lamb","lamby","lion","llama","monkey","monkeys","mouse","octopus","orca","owl","peacock","peep","penguin","pig","piggy","pony","puppy","rabbit","raccoon","reindeer","robin","scuttlebug","shark","sheep","skunk","snail","snake","snowleopard","spider","squirrel","teddy","teddybear","tiger","trex","turkey","turtle","whale","wonderpets","wormy","wubba","wubby","zebra"
"0","0.0034731160305529049","0.0045349776566251856","0","0.025259891799209969","0.0047794043297012482","0.019113792998758091","5.7664316693158664e-07","0.014997095164241456","0.0046578772465920145","0.024207873660047438","6.226119722749416e-07","5.7529707427753172e-07","0.0026957231019484116","5.9278260029335541e-07","6.1609684748928351e-07","0.013253243271459911","5.9000193067848099e-07","5.7755495403761044e-07","6.5688475704498241e-07","0","0.0039887597539929954","5.7502912122123079e-07","6.0343228887859036e-07","6.421625334381063e-07","0.0023534393879905725","5.8073093080528997e-07","0.0041530863819964009","5.7485657901635634e-07","0.014832772365401493","4.9779779829697235e-05","6.0588510615987828e-07","0.011392521545218739","0.002591569504430648","5.7716376505879162e-07","5.8983488273257916e-07","0.0095310415938194195","0","5.7490011007122231e-07","0.0057190726380501036","5.8874708063143921e-07","5.748502681935013e-07","0.0036845944101697031","0","5.7546242703488358e-07","0.030989315571794962","0","6.0967633987357133e-07","5.7992638503569455e-07","0.014508999178014211","5.7484395176760907e-07","5.8952217579756326e-07","0.0033981907006554323","5.7484397193147867e-07","0.012978613393824025","5.7490773825102997e-07","0.0083284246463287224","5.8621859546028967e-07","0.014411654742546218","5.7527830080087778e-07","0","0.0048442323450441803","5.7490921764879534e-07","5.755291522498039e-07","0.0030068628904265844","0.012233380772682236","7.236856393169926e-07","0.0031609266656525367","0.012176338885835851","5.87363225742533e-07","6.5271091006662369e-07","6.2950618567323678e-07","5.9225346169531948e-07","0","6.4894834089953211e-07","0.010238050047995077","5.8914317456239676e-07","6.1114787447702215e-07","5.9067139375824908e-07","0","7.1664693933569786e-07","0.0035175635976742881","0.0058095531623895864","0.0020456300788209052","0.0082146853096504158","5.7484395176755295e-07","0.0077899652859228889","0.0078810561855250181","5.748629250430842e-07","0","0.00059668520472075447","5.7484395176756417e-07","5.7484395176755189e-07","0.0043474733874649778"
"1","5.3985613600862325e-07","5.5245276544939055e-07","0","5.6132286256539434e-07","5.4688270278098486e-07","5.7478371680865388e-07","5.4066708540269937e-07","5.5606214881815196e-07","5.4896249511403918e-07","5.5168674242850881e-07","5.632842388592934e-07","5.3860736392384289e-07","5.5490769308082286e-07","5.6591741221012146e-07","5.3841195073814045e-07","5.5379836296984e-07","5.3845323153900981e-07","5.5117787529905802e-07","5.3848574437494799e-07","0","5.3843057560149552e-07","5.3853198344717684e-07","5.7587487638799688e-07","6.822188623698449e-07","5.548965490867934e-07","5.4731268593873262e-07","5.9212793617809453e-07","6.3662468179645664e-07","5.4950368115715648e-07","5.4367299305389147e-07","5.4065124901444016e-07","5.5730154388731522e-07","5.5960653868611766e-07","5.3841195135563912e-07","5.3878589279528378e-07","5.474290109412024e-07","0","5.3901357416772221e-07","5.5354415435253601e-07","5.4396764020642916e-07","5.3841195280120376e-07","5.416681105549388e-07","0","5.8283732235445377e-07","5.6401340446282997e-07","0","6.1723363047715824e-07","5.4313971466466315e-07","5.4732170573207723e-07","5.3841195042780304e-07","5.3847506983988017e-07","5.4606377930465324e-07","5.3841197224541755e-07","5.6152834363016673e-07","5.4039647881425984e-07","5.5005701053809139e-07","5.7266892839756601e-07","5.5392169791040556e-07","6.4250210216681911e-07","0","5.5306344732001806e-07","5.3845149432241317e-07","5.3841195062095418e-07","5.3841202049760442e-07","5.5557402704100194e-07","5.4949842475345782e-07","5.4559005477767274e-07","5.4690925731911333e-07","5.4618660608331275e-07","5.3853871290135067e-07","5.3842158138059111e-07","5.5411189399006702e-07","0","5.8771811967007006e-07","5.5969640364548674e-07","5.3841865453442963e-07","6.670245344570957e-07","5.4821196368632103e-07","0","7.1212459242793003e-07","5.5178571127777874e-07","5.4336991576384943e-07","5.3841195042773792e-07","5.3935599090014752e-07","5.3841195042773792e-07","5.8010903159217344e-07","5.5302088421687632e-07","6.8995555987572143e-07","0","5.384121220059694e-07","5.3841195042773792e-07","5.3841195042773792e-07","5.4268181938810427e-07"
"2","6.0692339786428237e-07","6.5677990390623309e-07","0","6.3814015736739245e-07","6.0660454014509505e-07","6.5268472628338926e-07","6.0606055992924531e-07","6.3885290673146037e-07","6.3775837713679948e-07","6.5332063706368466e-07","6.4335361045905588e-07","6.0486033293070351e-07","6.2475593419776331e-07","6.0732374996706245e-07","6.0489569613921979e-07","6.1284227619878987e-07","6.2108762518216785e-07","6.1900460905360672e-07","6.0517042722237413e-07","0","6.228944702486235e-07","8.32475285227242e-07","6.9024745255080811e-07","0.027660937753133368","6.2480601037998261e-07","6.2364009112975973e-07","6.4272326872170174e-07","7.2892781851128193e-07","6.2685927131802936e-07","6.1023546446447136e-07","6.0538458365487107e-07","6.1618106539409653e-07","6.5972204816824854e-07","6.8129695777642906e-07","6.0684296152880865e-07","6.1484916714322562e-07","0","6.0486286088933968e-07","6.2978913132961446e-07","6.062929549664272e-07","6.0527095702355392e-07","6.0490227020165377e-07","0","6.0490041525413524e-07","6.3153273277897263e-07","0","4.2709129770633386e-06","6.0639029000944766e-07","6.1311740638812642e-07","6.0486032114539096e-07","6.0545649654473834e-07","6.0568160758347374e-07","6.0486034615898244e-07","6.2200570958767696e-07","6.0494417092376868e-07","6.3113892330188512e-07","6.4617282811063972e-07","6.4182141165015591e-07","6.0662730157205956e-07","0","6.3377845882223698e-07","6.0486032467015552e-07","6.0500754305498194e-07","6.0498210223966099e-07","6.3045026428841836e-07","6.1024907905497598e-07","6.0486452011687907e-07","6.27550662822588e-07","6.1082657047463403e-07","6.0490819095643867e-07","6.1441586540157954e-07","6.1180826391665474e-07","0","7.1296142997178909e-07","6.072914528356609e-07","6.0523941127982238e-07","6.0486406116353622e-07","6.456779423942833e-07","0","6.8347782411440972e-07","6.0793448418118467e-07","6.1850692100029763e-07","6.0486032114534151e-07","6.4304057733032987e-07","6.0486032114534151e-07","6.1921063393749391e-07","6.2403872366726306e-07","6.2756338272175474e-07","0","6.0486053746017163e-07","6.0486032114534151e-07","6.0486032114534151e-07","6.1900023913833651e-07"
"3","5.5765995680661177e-07","6.0345245149882185e-07","0","5.6662251527024877e-07","5.6795210505289616e-07","5.9829647122672559e-07","5.5920570293193648e-07","6.0579626437581633e-07","5.6829465121068801e-07","5.8399276484819746e-07","5.6004188143021282e-07","2.013218331797834e-06","0.013783701013756307","6.3042791380246246e-07","5.5645921497832787e-07","5.7292509200723834e-07","5.5653231323298212e-07","5.7175167783817554e-07","5.6704931693573285e-07","0","5.5908741040413915e-07","5.56488330729512e-07","5.8584417193674867e-07","6.4542483961996416e-07","5.8753491792815405e-07","5.7815464092055098e-07","5.6337386693695041e-07","5.5655891918427027e-07","5.6698791428895018e-07","5.5648966693443614e-07","5.6398351557092778e-07","5.7466602719183399e-07","0.032862032389679795","5.9397877199759169e-07","5.6280030035815016e-07","5.6517573057136603e-07","0","5.5649189425386818e-07","5.725031305923736e-07","5.6017896936508973e-07","5.5646160607059728e-07","5.564612417775106e-07","0","6.5584470374001953e-07","5.7292159904733088e-07","0","6.8670072784156219e-07","5.5889491313213071e-07","5.6223084732421803e-07","5.564592132433631e-07","6.0451913555649678e-07","5.5688117665322665e-07","5.5645923445221588e-07","5.6482801739098677e-07","5.6249471530724194e-07","5.5726484174206321e-07","5.8953219483794834e-07","5.8025904241663957e-07","5.567065399071382e-07","0","5.5700778250888848e-07","5.564592163578556e-07","5.5773202950501217e-07","5.7743517480395675e-07","5.7545046681833053e-07","5.6191427927954744e-07","5.5797362445814173e-07","5.6654556061959697e-07","5.6092928476057707e-07","5.568868598983409e-07","5.5666137597330033e-07","6.4311707732455437e-07","0","6.4338508688016703e-07","5.5969041291881059e-07","5.564595423904576e-07","5.5649217299765284e-07","5.7898354554950692e-07","0","6.2484808477745806e-07","5.5764042621965795e-07","5.5702568332646928e-07","5.5645921324330772e-07","5.8584669012840779e-07","5.5645921324330772e-07","6.1494927756981067e-07","5.6802880654361928e-07","7.5814316069156435e-07","0","5.5645939898392785e-07","5.5645921324330772e-07","5.5645921324330772e-07","5.5648526028206926e-07"
"4","6.9522830512985058e-07","6.9850899026103127e-07","0","7.2162012237365021e-07","7.0045040398030965e-07","7.4556767311636703e-07","6.9507093414104331e-07","7.3665713890611416e-07","7.1993072533289819e-07","7.2990151458710816e-07","6.9490414714648971e-07","1.0056182164886433e-06","7.1711082786402345e-07","7.0413474731097746e-07","6.9485938957531544e-07","7.1130180152576674e-07","7.2624182057714433e-07","7.1112210471689045e-07","8.2142314224751983e-07","0","6.9490811827625844e-07","6.9495730668373224e-07","7.4729204965391408e-07","7.9674406937636958e-07","7.3277662083080845e-07","7.6878839289090564e-07","7.3170541075703491e-07","6.9498622798952891e-07","7.0123792472493864e-07","6.9488024977090961e-07","6.9550442864038488e-07","6.9876276951961451e-07","7.4122662845698806e-07","7.3442846818104212e-07","7.6471088768515242e-07","7.0463492016050473e-07","0","1.1473463068827695e-06","6.9748514245971727e-07","6.9659242100541854e-07","6.9488191414962609e-07","7.5917788684562995e-07","0","6.9488958936894557e-07","7.1497646522907212e-07","0","7.6878346795799343e-07","6.9558831356087008e-07","7.1291418286630758e-07","6.9485938919478134e-07","6.955481739607973e-07","6.9492343384615393e-07","6.9485942269980611e-07","7.1269259360228711e-07","7.7853782544967352e-07","7.0197098177486912e-07","6.9491828411844004e-07","7.4447728359782738e-07","6.9509984218929236e-07","0","7.2005394737996121e-07","6.9486794332529112e-07","0.00044180992632020819","6.9490290757346689e-07","7.040749460074014e-07","7.101173825982952e-07","6.9487583437911481e-07","7.2710190699234825e-07","7.026251027351966e-07","6.949622889636334e-07","6.9485939003649629e-07","6.9491839104035944e-07","0","7.2331854391465101e-07","8.1312740967662453e-07","7.67018162209401e-07","8.5073990584219976e-07","8.8297689628406965e-07","0","0.032354628574234781","7.1031740980644413e-07","6.9860666699324853e-07","6.9485938919467641e-07","7.2494259361855308e-07","6.9485938919467641e-07","8.3968890611089649e-07","7.1056840220370048e-07","8.6960717807674468e-07","0","6.9485967326524545e-07","6.9485938919467641e-07","6.9485938919467641e-07","7.0015514460066707e-07"
"5","6.5321518601369131e-07","7.0306011811503062e-07","0","6.6428254655775578e-07","6.5118422922567327e-07","6.7813675871029774e-07","6.4581263063709996e-07","7.0762888510176113e-07","6.474105352933718e-07","6.817938880992075e-07","7.2363981332058857e-07","8.8910724800154204e-07","6.6807791337543161e-07","6.8267149882895683e-07","6.4332140601007576e-07","6.6445208492754278e-07","6.57036527860909e-07","6.4332348431862775e-07","6.4374458879867037e-07","0","6.4553827497114745e-07","6.5397201572022823e-07","6.9677792220742694e-07","7.149258890158207e-07","0.046050898104537129","6.5968259999693723e-07","6.7907800586134085e-07","7.5378878410904624e-07","6.6654859061940382e-07","6.4356942043993335e-07","6.4618286271070102e-07","6.4833361115272963e-07","7.0527767744375724e-07","7.3407625780756295e-07","7.0484919500123472e-07","6.8687819890952158e-07","0","6.4407636158983713e-07","6.7127333857225418e-07","6.476941435205803e-07","6.43651544127406e-07","6.4381499713791567e-07","0","7.004399718116988e-07","6.8148164212408944e-07","0","6.8994830218655608e-07","6.4404797039557195e-07","6.6436383188910616e-07","6.4332148960849404e-07","7.3987573187873004e-07","6.4390650283888858e-07","6.4332143316374097e-07","6.6094551311143272e-07","6.4886483101191432e-07","6.7019206874910321e-07","6.7859454645989417e-07","6.6722873853908989e-07","7.7744355300931427e-07","0","6.8337286790514717e-07","6.4332140963622381e-07","6.435954811617621e-07","6.4432897242445973e-07","6.8170552112387241e-07","6.7750210531000462e-07","7.1763956883312804e-07","6.7384474524534363e-07","6.4985269100051683e-07","6.433584781998211e-07","6.4782435643273771e-07","6.477189213471144e-07","0","7.4557117166216222e-07","6.6111048661055886e-07","7.4720498101252231e-07","6.9188801738129436e-07","6.9216703740500974e-07","0","7.6684282928773132e-07","6.8882834271286629e-07","6.5538524551264441e-07","6.433214056987308e-07","6.6572886042027172e-07","6.433214056987308e-07","7.1367205390556705e-07","6.6827385030530914e-07","7.3346351086605459e-07","0","6.4332164965994065e-07","6.433214056987308e-07","6.433214056987308e-07","6.4706600912765576e-07"
"6","6.3533617299270801e-07","6.3676164517227271e-07","0","6.502324499608996e-07","6.3691082571293586e-07","6.3308231841089838e-07","6.4680758293211494e-07","6.4211969342278456e-07","6.3659768421635872e-07","6.7295262736303361e-07","6.2772674951742922e-07","6.2787952133035735e-07","6.4374715390624058e-07","6.299410534748464e-07","6.273615160772859e-07","6.3532585049922559e-07","6.3945898478592371e-07","6.5351807937565298e-07","6.2746969376681924e-07","0","6.3758369058686134e-07","6.6674283663088048e-07","6.7431244729753747e-07","7.2329009928599083e-07","6.500760982964963e-07","6.3468328616491739e-07","6.415167393153299e-07","7.9279631379129206e-07","6.3310109778881265e-07","6.2736513074372759e-07","6.2736469127108289e-07","6.3264280230916526e-07","7.0109496401759128e-07","6.8764860654898928e-07","6.273991009714472e-07","6.3181216193989348e-07","0","6.2749062771892272e-07","6.8334551940193972e-07","6.2917553720946705e-07","6.2759420920610206e-07","6.2738368815111738e-07","0","6.2737339138629134e-07","6.3832604612781635e-07","0","6.6963269647892887e-07","6.2752396311744061e-07","6.3009824168990662e-07","6.2740194957020945e-07","6.2736413792302488e-07","6.3661657004295139e-07","6.2736154137947103e-07","6.3938038605528549e-07","6.2937424789636894e-07","6.4199906103750909e-07","6.4134730392306471e-07","6.5655827965236133e-07","0.0016177561541855135","0","6.2779240126440823e-07","6.2742864902371933e-07","6.2736151596296218e-07","6.2739004257423826e-07","6.4339184781483704e-07","6.3230243257245684e-07","6.5488237606668297e-07","6.3966394352389364e-07","6.3921325759099275e-07","6.2789135496118634e-07","6.3497543879526717e-07","6.3557872519766828e-07","0","6.6457541639027322e-07","6.3486045144759312e-07","6.2736215229310087e-07","6.273696730137445e-07","6.3237301231026013e-07","0","6.8043380141086464e-07","6.304381212485807e-07","6.3550104585559674e-07","6.2736151574162432e-07","6.4702772072154669e-07","6.2736151574162432e-07","6.3604683755295189e-07","6.4449386957632347e-07","6.8961443562663136e-07","0","6.2736174349398204e-07","6.2736151574162432e-07","6.2736151574162432e-07","6.2850306186060939e-07"
"7","6.0141175863537917e-07","6.1413491302777166e-07","0","6.2742602759888881e-07","6.0306753993677247e-07","6.2462401339014125e-07","6.0154623349272688e-07","6.1574863077517829e-07","6.0693250601517569e-07","6.377297580061556e-07","6.0092798146142522e-07","6.0019562632174992e-07","6.1924144426554062e-07","6.0853241702494273e-07","6.0019562278845733e-07","6.0778980750251342e-07","6.0023505427716102e-07","6.0265106640527405e-07","6.0028863971101838e-07","0","6.002197306354711e-07","6.0027923128025148e-07","6.2344085723788191e-07","6.8279834378210848e-07","6.1927256672815743e-07","6.0258975925655545e-07","6.8608094609456594e-07","6.2289909091258153e-07","6.1483827647143076e-07","6.0753690783207006e-07","6.0673571030063539e-07","6.0612771388212801e-07","6.3160146883523573e-07","6.3938191779364638e-07","6.0022243614949237e-07","6.0590002979444003e-07","0","6.411564609245547e-07","6.4671216925644672e-07","6.3407848202653476e-07","6.0030230773247026e-07","6.0050667775404936e-07","0","0.0008228785878520307","6.1454699163876194e-07","0","6.4967389274935518e-07","6.0021759604143577e-07","6.0967387606313462e-07","6.0019562245961584e-07","6.0903452957488413e-07","6.0841264872124443e-07","6.0019564537221367e-07","6.1001488503579475e-07","6.0020163000867422e-07","6.0662359516393982e-07","6.1147043234083345e-07","6.0927851862959529e-07","6.0099454408054484e-07","0","6.0026933453026034e-07","6.0019562572847692e-07","6.0031945723076254e-07","6.023749730671046e-07","6.1168337639716046e-07","6.3734402060990209e-07","6.0265648568761804e-07","6.1025712303704362e-07","6.1546661914039964e-07","6.0023424393771037e-07","6.0115966223173737e-07","6.8552610721477927e-07","0","6.3299669944918698e-07","6.1716324486307169e-07","6.7844964256758144e-07","6.0029390649008926e-07","6.3530407333221726e-07","0","6.9630012683418223e-07","6.0019564332462258e-07","6.3265350046746889e-07","6.001956224595593e-07","6.0627957882457689e-07","6.001956224595593e-07","6.185453952024069e-07","6.1279491062907066e-07","6.7656655885843193e-07","0","6.0019583303078839e-07","6.001956224595593e-07","6.001956224595593e-07","6.0360372116335642e-07"
"8","7.1896415388932774e-07","7.2194871100522716e-07","0","6.7764596951968285e-07","7.0647562095771782e-07","6.9564461527237902e-07","6.6816802980759285e-07","7.063976223570629e-07","6.8926211667046302e-07","6.716831142868907e-07","6.6681734056872272e-07","1.3820426502429449e-06","6.8379177089055141e-07","6.8882137987531572e-07","6.6675235016147694e-07","6.7983868293605353e-07","6.9875802502291867e-07","6.6675235082442507e-07","9.7420491960573876e-07","0","6.6792827086396307e-07","6.7145018229602644e-07","6.893202987401654e-07","7.0598425398025264e-07","7.0372485283471241e-07","6.7630287956837632e-07","6.6704107083257106e-07","7.3286938894237341e-07","6.7079338001185583e-07","6.9047957849177815e-07","6.6881834978009693e-07","6.7406904791316725e-07","6.9269366666649661e-07","6.8018646045207723e-07","6.6909701067615309e-07","6.7105553134727288e-07","0","6.6708260388891728e-07","6.6835976265371353e-07","6.671559871073349e-07","6.6680537956730015e-07","6.6784509724858881e-07","0","6.6769469278302086e-07","6.8074107730795273e-07","0","6.6680162562879521e-07","6.6949455313104674e-07","6.7427073139601762e-07","6.6675234980765222e-07","6.6675636739513497e-07","6.706560693278354e-07","6.6675237783182548e-07","6.8672464994227235e-07","6.6978705613233448e-07","6.8370205324309671e-07","6.9079950035479818e-07","6.7576640628505852e-07","8.3641393323005011e-07","0","6.8247764333166807e-07","6.6675235766676399e-07","6.6675239176638663e-07","6.6684208141513179e-07","6.8268882116901223e-07","7.1603501422952143e-07","6.8001209658110811e-07","6.8401696379103883e-07","6.7017385754084736e-07","6.6680227846135197e-07","7.0017765165661202e-07","6.6689229533907218e-07","0","7.1516628384760123e-07","6.7843797899730755e-07","9.3096597548445826e-07","8.0397105346900402e-07","7.2282628282370961e-07","0","7.7785559373696468e-07","6.8470954842934628e-07","6.7594607992735595e-07","6.6675234980757292e-07","6.8405418331209116e-07","6.6675234980757292e-07","6.8684467508531167e-07","7.3062351747521885e-07","6.8733270103186718e-07","0","6.6675260890999793e-07","6.6675234980757292e-07","6.6675234980757292e-07","6.7028079692157986e-07"
"9","4.6737730249866762e-07","4.6656108554023537e-07","0","4.8181577513781272e-07","4.6708005268302355e-07","4.7439223893607371e-07","4.5281793163094157e-07","4.7145090597344494e-07","4.5643345796739655e-07","4.6341918265274344e-07","4.5169383454878166e-07","4.5199607829463616e-07","4.7682738247890978e-07","4.6068156672999489e-07","4.517164141706119e-07","4.6705182011696506e-07","4.7034056837824162e-07","4.7714903696526779e-07","4.5237417685676411e-07","0","4.7094267496234814e-07","4.5169502382218825e-07","4.9252927787362888e-07","5.0379402263199698e-07","4.6900314217493601e-07","4.6087908448625604e-07","4.6372163336074294e-07","4.9354644536769154e-07","4.6088770473078088e-07","4.5170731593443533e-07","4.5236452912242085e-07","4.6204829145639335e-07","4.8909972180537666e-07","4.7529281645566313e-07","4.5383716155079129e-07","4.7065247195376028e-07","0","5.8427662000397593e-07","4.5364548910503e-07","4.552430902120001e-07","4.9087102283865161e-07","4.5449277403809016e-07","0","4.8448598048602491e-07","4.8606194163128974e-07","0","4.60937555246238e-07","5.0365196614937614e-07","4.6025038856064157e-07","4.5166105660314874e-07","4.5713265313231396e-07","4.583707946794052e-07","1.3289460552517687e-05","4.7081211187616177e-07","4.55884416065073e-07","4.8222539137838815e-07","4.9870541299491201e-07","4.6597892895176881e-07","5.5509284916285933e-07","0","4.5641749516818244e-07","4.516642191545245e-07","4.5235007830624965e-07","4.5301373545598806e-07","4.6526869119269417e-07","4.782296745138015e-07","4.5772721690619441e-07","4.6533787905550453e-07","4.5543279586470298e-07","4.5343223247767322e-07","4.5697457608329656e-07","4.5487611487458602e-07","0","4.9380419311895032e-07","4.6212021195762055e-07","4.516844083471495e-07","5.142276925097717e-07","4.7707839701588572e-07","0","5.1832989747791452e-07","4.5350770402671603e-07","4.6271704725316633e-07","4.5166105660311422e-07","4.5975531177700446e-07","4.5166105660311422e-07","4.8880483776601653e-07","4.699053988786541e-07","5.5862353348951523e-07","0","4.5166117756564632e-07","4.5166105660311422e-07","4.5166105660311422e-07","4.544542588232447e-07"
"10","7.0957798351786887e-07","6.356248901507045e-07","0","6.913561536393548e-07","6.3826070831293015e-07","6.687878836873964e-07","6.3582716785162216e-07","6.5528122226477854e-07","6.4087490562147061e-07","6.6257448034696342e-07","6.3598395107991125e-07","6.3562410399064461e-07","6.572129429950425e-07","6.3874958664211694e-07","6.3569300966242726e-07","6.4057477506791154e-07","7.7287759960708026e-07","6.4965408162030783e-07","6.3745029239008496e-07","0","6.4800085332688315e-07","7.4374311120454805e-07","7.181970194925981e-07","7.2068381152013622e-07","6.7001844918741975e-07","0.0077141505543134523","6.5918640729316287e-07","8.1843324056145119e-07","6.3954021384506153e-07","6.35676435255672e-07","6.7088992598019371e-07","6.4633326995645207e-07","6.5854118767905587e-07","6.41173630972432e-07","6.356592827579344e-07","6.5213335700454132e-07","0","6.3583264126902671e-07","6.3630324368475738e-07","7.3726123402442706e-07","6.3581380930211381e-07","6.3741975719375785e-07","0","6.3769370301702894e-07","6.9857936333677021e-07","0","8.452554518423901e-07","6.4044561602075011e-07","6.528223537103519e-07","6.3562408842565388e-07","6.9711194496408759e-07","6.4555589452125783e-07","6.3562411308036025e-07","6.5212447128201053e-07","6.3574976161593059e-07","6.3584850129275034e-07","6.7711353064164683e-07","6.4602768593321536e-07","7.7595690236983121e-07","0","6.5539609325961022e-07","6.3562409196771358e-07","6.3873332159468148e-07","6.3624544836437203e-07","6.6365325157790488e-07","6.5556751944291611e-07","6.387434390429263e-07","6.8108011729798906e-07","6.5061827340248048e-07","6.3563815993084806e-07","6.7437103592138171e-07","6.3686871479027317e-07","0","6.6339954332892355e-07","6.7083756343612794e-07","7.3832697758988392e-07","6.357999098109089e-07","6.5013122914045672e-07","0","6.953114655049171e-07","6.356261864257912e-07","6.4481836952654256e-07","6.3562408842557257e-07","6.4806103641535213e-07","6.3562408842557257e-07","6.6383910424506016e-07","6.5467972160148305e-07","6.8992525681139052e-07","0","6.3562431924201565e-07","6.3562408842557257e-07","6.3562408842557257e-07","6.391867051718325e-07"
"11","5.3402467766026857e-07","5.3787783970482188e-07","0","5.4712074217885777e-07","5.3717574067356187e-07","5.34644046348012e-07","0.0014709721638348691","5.4255023457844145e-07","5.2277336327363435e-07","5.7305335667070034e-07","5.2175938750389734e-07","0.00062651784719311714","5.4453906784764809e-07","5.331044605999688e-07","5.2193111552174671e-07","5.3151693614660376e-07","0.0019800591690746676","5.5317952843700422e-07","0.00043834259891183022","0","5.2543829883528787e-07","5.2170506956504084e-07","5.9537735178938743e-07","5.8412651271996538e-07","5.5439776283326366e-07","5.5946473645285524e-07","5.9168124177321976e-07","0.0038723203280769947","5.28672268234154e-07","5.2169535901503581e-07","5.5082290171075482e-07","5.4763257487156255e-07","5.5699688301740064e-07","6.3119779114158147e-07","5.219140519676394e-07","5.4556077281815592e-07","0","5.2236306027240475e-07","5.3833237411219524e-07","5.2168317372149225e-07","5.2178982185957036e-07","5.2966538490004682e-07","0","5.2228997035012107e-07","5.5483938088701659e-07","0","6.6030090774052349e-07","5.2351169089027927e-07","5.2961998320771793e-07","5.2167519190873297e-07","5.3894250290791e-07","5.2238639333946788e-07","1.1286983377233353e-06","5.2958871220409566e-07","5.2167519217778652e-07","5.229989318384048e-07","5.2922338182615195e-07","5.4049931712308205e-07","5.2193932243259778e-07","0","5.2523637499006281e-07","5.2176213940651262e-07","5.2169756315308709e-07","5.9248766322850151e-07","5.5172835127385981e-07","5.2725504195788085e-07","5.226781633429129e-07","5.4355270140025274e-07","5.2313768905322177e-07","6.4757847540733963e-07","5.2173170097855951e-07","5.2168671380709058e-07","0","6.0268680069045546e-07","5.2214311487106958e-07","5.2167700502656003e-07","7.0117219169852264e-07","5.6639922912267414e-07","0","6.7350594915073562e-07","5.2170982437605095e-07","5.6247393563057126e-07","5.2167519190867367e-07","5.4878284689210322e-07","5.2167519190867367e-07","5.3256185772740607e-07","5.5543764232542855e-07","6.1854687930738317e-07","0","5.2167537805608445e-07","5.2167519190867367e-07","5.2167519190867367e-07","5.2825863365469099e-07"
"12","6.75191807298724e-07","6.8006204073806449e-07","0","7.2604310587385541e-07","7.0978347050377172e-07","7.4235821752218917e-07","6.73687454412041e-07","6.8824786434251749e-07","7.1115092367682075e-07","7.0982450799759457e-07","6.8058230402595221e-07","6.7367873115833315e-07","7.0416367298068025e-07","6.8224998647196068e-07","6.7367050853728079e-07","6.8120935633750111e-07","7.8050971833305682e-07","7.1302983520953966e-07","6.7401965111074485e-07","0","6.8440699189230984e-07","6.7384145085983227e-07","7.8394221166740557e-07","8.6083434992028898e-07","7.1739087487025715e-07","6.9751770958662216e-07","6.7378849529041032e-07","7.7604154736039781e-07","6.7914356829783389e-07","6.7369255820072733e-07","7.1387075912192677e-07","6.826942207137603e-07","7.5171716753352546e-07","7.4104548968524863e-07","6.7803199843537137e-07","6.8814460536746518e-07","0","8.3014849754574254e-07","6.7402714159253302e-07","6.7438900992806276e-07","6.7381137025253426e-07","6.8939167202924856e-07","0","8.348264515232823e-07","6.9072224427685549e-07","0","1.0419471643480657e-06","6.7566691595758853e-07","6.9022352104295437e-07","6.7367050810218729e-07","7.2689262222249756e-07","6.7563109171989167e-07","6.7367054227698197e-07","7.0641972273544387e-07","6.7372524463224306e-07","6.8431990209886234e-07","0.0037858206662798924","7.0383464279369584e-07","9.8493609645978362e-07","0","6.9180031570022072e-07","0.00032832528849756809","6.7367457171772329e-07","6.7431499280500414e-07","6.834179849267486e-07","7.4890107230399664e-07","6.7481226162164202e-07","7.1375578390464004e-07","6.9739530082474866e-07","8.750197490893436e-07","0.00078861690571705378","7.245384727083238e-07","0","8.0964701865558363e-07","6.8901379168809393e-07","0.00028582485157950863","0.0024579866249415166","7.2876558583630454e-07","0","1.1181325020427568e-06","7.1000144878466574e-07","6.9236919560315436e-07","6.7367050810208437e-07","6.8579478342236979e-07","6.7367050810208437e-07","7.2183687750812454e-07","6.873835448942185e-07","6.9965694918418631e-07","0","9.4385614489131262e-05","6.7367050810238242e-07","6.7367050810208437e-07","6.7659188703199774e-07"
"13","7.4569598862082578e-07","8.4540545129249463e-07","0","7.8407838344224181e-07","7.7605517729915108e-07","7.5655136402442012e-07","7.5130818336428954e-07","7.7559778549095898e-07","7.4500438921932521e-07","7.6889653044714972e-07","7.4474206328415822e-07","7.44739553793691e-07","7.6991175770137707e-07","8.0260299588151609e-07","8.2024656914105708e-07","7.6963246059177101e-07","7.8269933527548535e-07","7.4474032090088262e-07","7.4488151687616583e-07","0","7.4588918901953691e-07","0.00062865401707544845","7.9271160741314542e-07","8.894221862610614e-07","7.7865216475207141e-07","7.7613193169167595e-07","7.6474265728078857e-07","8.1513774023240629e-07","7.7530279424884969e-07","7.4479561699878973e-07","7.8743268269302334e-07","7.5147767929866345e-07","7.8126854237075613e-07","7.872860303072791e-07","7.4551981585731464e-07","7.704833084399544e-07","0","7.4598048100907528e-07","7.6621922037031552e-07","7.4619215711031119e-07","7.4493836885673296e-07","7.447415346568274e-07","0","7.4474365096782682e-07","8.0278723922246923e-07","0","9.0232547553405544e-07","7.4640822173025434e-07","7.515757390257513e-07","7.4473954743093705e-07","7.7367292082922834e-07","7.5577222014290087e-07","7.4473958540219249e-07","7.5908419133989844e-07","7.449373839620554e-07","7.6323742408675499e-07","7.6110850356525583e-07","8.2914683229306321e-07","7.450181503853489e-07","0","8.0369130088805636e-07","7.4479709828782096e-07","7.4473954798858362e-07","7.4496134599514166e-07","7.7208400702741316e-07","7.6526177805464363e-07","8.0363934968830346e-07","7.6956450342829289e-07","7.4870736971593551e-07","7.4476602721162976e-07","7.5113943351958938e-07","7.4582618773137879e-07","0","8.1908367052935628e-07","7.4884409281691182e-07","7.4474032805361296e-07","1.1503437678217182e-06","7.8390046271272995e-07","0","8.4929250083993891e-07","7.7849512156860329e-07","7.7762990714307312e-07","7.4473954743080872e-07","7.4682184994016607e-07","7.4473954743080872e-07","7.610298084187152e-07","7.6208811197407375e-07","8.8881805293748031e-07","0","7.4473986781835096e-07","7.4473954743080872e-07","7.4473954743080872e-07","7.5055371676152591e-07"
"14","6.0629854227929093e-07","5.9659408525105884e-07","0","6.171317443187396e-07","6.4019764484230624e-07","6.3825784032787348e-07","5.9945171473502037e-07","6.3435682407160477e-07","6.0032649546642088e-07","6.3830700053414213e-07","5.9660531544196352e-07","7.6010434179889152e-07","6.2896534258945721e-07","6.7347532174352429e-07","5.9659359010967115e-07","6.1114846368885293e-07","5.9668230546321502e-07","5.9659360002374022e-07","6.1852963392205604e-07","0","5.9660717325713062e-07","7.5915543643005905e-07","0.04389615949724926","7.506853382934384e-07","6.3284811276937065e-07","6.2116517589710113e-07","6.478927417361467e-07","6.1960718837263064e-07","6.0329640888164388e-07","6.1206466984130212e-07","5.9717967655448835e-07","6.0484843211200067e-07","6.3635514047848326e-07","6.4382672944171514e-07","5.966842774737636e-07","6.1899938944613641e-07","0","5.9661183391314024e-07","5.976742368648209e-07","6.0317318854759784e-07","5.9692966121854189e-07","6.2835909960665173e-07","0","7.1169670253916178e-07","6.3942942006265499e-07","0","7.2427763003644259e-07","5.9780614084350935e-07","6.0196084568939458e-07","5.9659358978807963e-07","5.9659486251467694e-07","6.1087025995234821e-07","1.5703003127797073e-06","6.1035508307508473e-07","6.0258336673337592e-07","6.116086805564631e-07","6.0675711854917724e-07","6.0692604095647668e-07","7.5855035382526604e-07","0","6.0339946154664443e-07","5.9660943496116985e-07","5.9659366455518089e-07","5.9660515813652234e-07","6.1895887780646921e-07","6.7437967993935608e-07","5.9718243317934037e-07","6.3592588943529142e-07","6.0357575180080343e-07","5.9661381544542028e-07","5.9659949317427078e-07","5.9757008400565565e-07","0","7.6522944682728033e-07","6.1816943366751706e-07","5.9723527439667562e-07","7.8849821998632979e-07","6.4697602167636021e-07","0","6.3033993664970788e-07","7.6503589190181972e-07","6.2207827179795511e-07","5.96593589787998e-07","6.2532769155548033e-07","5.9659358978800329e-07","6.8886248127343361e-07","6.0549598919654153e-07","6.342422606820217e-07","0","5.9659379955830132e-07","5.96593589787998e-07","5.96593589787998e-07","5.9976430816712201e-07"
"15","8.1192248828542454e-07","8.3322378562359731e-07","0","8.6510767304936897e-07","8.205768515744513e-07","8.2662938263626248e-07","8.1530199531335157e-07","8.5523066166382092e-07","8.1221533799778107e-07","8.453206632997608e-07","8.1783005041468783e-07","8.1170105119763544e-07","8.3488786067421964e-07","8.6236756504309669e-07","8.8250069156369385e-07","8.3183330287604427e-07","8.2027466091543275e-07","8.1315905459130186e-07","8.1173611324326841e-07","0","8.2833371949800857e-07","8.1177749077602404e-07","8.6511617184479359e-07","9.1388078247383744e-07","8.394459546858952e-07","8.3447978920030071e-07","8.7853173583723729e-07","8.9108916838242513e-07","8.2119688421217688e-07","8.1173401759548242e-07","0.0016514023893616011","8.1462801261261348e-07","8.3347108294335665e-07","8.1170615080801084e-07","8.1670569215592146e-07","8.1586974567803329e-07","0","8.117531280322833e-07","8.3882649071860854e-07","8.1303310904279689e-07","8.1170104575662105e-07","8.2273548450781314e-07","0","9.0857796336264654e-07","8.3644197305877705e-07","0","8.9304813312267109e-07","9.8265642445258096e-07","8.1196209427907538e-07","8.1170130369552783e-07","8.1170367850995534e-07","8.180522541389626e-07","8.1170108838017149e-07","8.4652531444341613e-07","8.1205433647530193e-07","8.3347576357223927e-07","8.6434824139265092e-07","8.6973524352192122e-07","8.1349257998364549e-07","0","8.7323174401925265e-07","8.1170105019188451e-07","8.11701648097084e-07","8.881944003852662e-07","8.3943135821323038e-07","8.2427397978319466e-07","8.1171292329066038e-07","8.2416993507676329e-07","0.0062793940025686976","8.1172833079265307e-07","8.12950310956845e-07","9.7427117423114129e-07","0","8.9461733041793988e-07","8.2027537377364869e-07","8.1208572146316598e-07","1.1079762541462376e-06","8.5597198571674621e-07","0","1.1502980007401564e-06","9.3233724998187929e-07","8.1828749195151415e-07","8.1170104376171796e-07","8.4479951571660256e-07","8.1170104376171796e-07","8.1356087485032746e-07","8.272255757934378e-07","9.9258387237666727e-07","0","8.1197252142921751e-07","8.1170104376171796e-07","8.1170104376171796e-07","8.1170104435257924e-07"
"16","7.5097916002794498e-07","7.9778151710235481e-07","0","7.8553906877306758e-07","8.2550650355091569e-07","7.8784994773387085e-07","7.7499685620352393e-07","7.7422977807531643e-07","7.7968036958231087e-07","7.859054523224189e-07","0.0019072418110489839","7.5061022209993261e-07","7.7637129695032507e-07","7.576188741813124e-07","6.09879633005198e-05","7.7602159444705948e-07","8.0084872596266306e-07","7.5388032497490251e-07","8.8652424172066956e-07","0","7.7819519319629083e-07","7.6853753148362862e-07","7.979634948649594e-07","7.9547253928494746e-07","7.9710486385970734e-07","7.6875862225418865e-07","7.5845305161501365e-07","8.1436749211978815e-07","7.5763420152571993e-07","7.7589665633056318e-07","7.5234259118211505e-07","7.7028438478782604e-07","8.0627354363024404e-07","7.5060170751139774e-07","7.5065565421330729e-07","7.7876324646765297e-07","0","7.5162128299734969e-07","7.7124563087605606e-07","7.7352309234377499e-07","7.6685640720573696e-07","7.6317335606948102e-07","0","7.5148180761197812e-07","8.0629744649790689e-07","0","0.0041877691622128951","7.5468545479427435e-07","7.5627531291304401e-07","7.5060170478043932e-07","7.5078843415037741e-07","7.5511203356469178e-07","2.9871426549462951e-06","7.9348781496006923e-07","1.0001225682056339e-06","7.9980573114595244e-07","8.1272531544620901e-07","8.1412076095082306e-07","8.6065550867800291e-07","0","7.8928022301758604e-07","7.5060170996692349e-07","7.5184123787191107e-07","7.5085901284853299e-07","7.977850495275554e-07","8.1979282535413843e-07","7.6205248397545307e-07","7.9328810681088544e-07","7.5838505949128612e-07","7.5067876513794304e-07","7.6491693155973703e-07","8.2155390327963836e-07","0","7.9293712885971342e-07","7.8044376895391636e-07","7.5075585019267587e-07","7.5060999092174219e-07","7.9416677888903121e-07","0","1.0176513057592487e-06","7.7140290508046018e-07","7.6149082864442268e-07","7.5060170478032328e-07","7.6532390612667834e-07","7.506017047803273e-07","7.5060297713283272e-07","7.7787774603362949e-07","7.7974586652391938e-07","0","7.5060202997344585e-07","7.5060170478032328e-07","7.5060170478032328e-07","7.5176554107434248e-07"
"17","4.5863330970770144e-07","4.5001645848203022e-07","0","4.7155994759145848e-07","4.559674014508854e-07","4.6351026543686223e-07","4.4601105841849577e-07","4.6094947672239741e-07","4.5734456528419833e-07","4.6886056622413648e-07","4.8220962792811952e-07","9.3002661870864914e-07","4.5992388339908403e-07","4.7192137608671502e-07","4.4482504036372489e-07","4.5607658724729413e-07","5.2577471554125626e-07","4.5392322522896855e-07","4.4488180552458776e-07","0","4.4928345660700514e-07","4.6496744648408464e-07","4.8111286865668138e-07","4.8395801410003205e-07","4.6409121014297817e-07","4.6210356092897792e-07","4.6547893088137314e-07","4.677174182373009e-07","4.5420317712195614e-07","4.4484896378796988e-07","4.604213315048228e-07","4.5536871401108737e-07","4.7062886779092082e-07","4.9664485689318239e-07","4.7309817127370176e-07","4.5585909056089663e-07","0","4.4482705199344883e-07","4.7357747380538188e-07","4.4620147309633809e-07","4.6640058699862982e-07","4.4503251641519605e-07","0","4.8322860328940245e-07","4.7030331177133305e-07","0","4.8336150096142474e-07","4.4968424168261852e-07","4.5182881990162247e-07","4.4482504013279433e-07","4.6909441892246813e-07","4.5119569790250447e-07","4.4482505530699206e-07","4.6437417558783168e-07","4.4486088259526167e-07","4.5530893660965088e-07","4.6551152340784023e-07","4.5927020851231064e-07","4.4497290177393134e-07","0","4.7323315448236675e-07","4.4490051184750439e-07","4.4640552018647355e-07","4.4643886115799564e-07","4.6547955760287294e-07","4.5258024526085188e-07","4.4849967523446302e-07","4.6161337499376423e-07","4.4899371694406913e-07","6.42886313622781e-07","4.5105540032108574e-07","4.7804675029135814e-07","0","4.7459197935877409e-07","4.6583522664808374e-07","4.4482667597741827e-07","5.3984546187911078e-07","4.7884680598518797e-07","0","5.5005210167703198e-07","4.5108126951904261e-07","4.5774652421500478e-07","4.4482504013274616e-07","4.4739675279253185e-07","4.4482504013274616e-07","4.7898256189105509e-07","4.6231668894202672e-07","4.9691972487073805e-07","0","4.4482515869115094e-07","4.4482504013274616e-07","4.4482504013274616e-07","4.4813989644987501e-07"
"18","7.6820703808739752e-07","7.6545203551547533e-07","0","7.9506864819541421e-07","7.6971169835787755e-07","8.0142006497287399e-07","7.6472229739944639e-07","7.8863845228878095e-07","7.5450686589724449e-07","7.7978507491158342e-07","7.9098841808983012e-07","7.4764940987391727e-07","8.5176772990788165e-07","0.0053558645891213213","1.1038393484551256e-06","7.5830236627378118e-07","7.8964890020198503e-07","7.4764940486096718e-07","1.1602116112731067e-06","0","7.4850155820971789e-07","7.4779707426524968e-07","8.5088757542198515e-07","9.3697865432051987e-07","7.9090136540299932e-07","8.040296976585968e-07","7.5747162211206799e-07","9.3024443457585624e-07","7.6238026099422638e-07","7.6820666376533009e-07","7.4964858980298084e-07","7.7860710478775757e-07","8.9297315918090994e-07","9.4997513858829702e-07","7.4838164571267258e-07","7.6908486746492932e-07","0","7.4765469988363774e-07","9.0173017453509936e-07","7.8989006255551481e-07","7.4780243853649639e-07","7.4840015999452939e-07","0","7.4779000588440745e-07","7.8073016422152573e-07","0","9.1986413257648288e-07","7.4865278291374013e-07","7.6048493231056594e-07","7.4764940352574182e-07","0.0012890859995120679","7.4821889614362696e-07","7.4764944119348227e-07","7.8026365355564868e-07","0.00046153619490712914","7.6175215234551302e-07","7.6979612830941558e-07","7.9737643850092306e-07","8.5833993577317456e-07","0","7.4772998742114509e-07","7.4770569647103446e-07","8.083694204502664e-07","7.486069519761874e-07","7.7141465915692742e-07","7.5543543112334726e-07","7.7761864526812008e-07","7.7823906008318291e-07","7.5148844654077552e-07","7.476885274956633e-07","7.6711700493814234e-07","7.4774548247218093e-07","0","0.028902252026112935","8.1488208851550399e-07","7.4765017991260226e-07","1.0029439581793168e-06","8.6708605825683422e-07","0","1.2026100362698231e-06","7.5009645319866329e-07","7.7522455135574814e-07","7.476494035256316e-07","8.9507052653023652e-07","7.4764940352563424e-07","8.7985000425034159e-07","7.6214324942662291e-07","8.8575465280022642e-07","0","7.4764974191187476e-07","7.476494035256316e-07","7.476494035256316e-07","7.579165014817392e-07"
"19","7.6606324640533283e-07","8.0425478406954623e-07","0","8.1335697029238698e-07","7.5742369089970729e-07","7.6613902285691322e-07","7.5327088160749826e-07","7.3624614321600476e-07","7.4288542782954149e-07","7.4116160388279144e-07","7.3168342550234753e-07","7.3118620885754011e-07","7.4762783135570344e-07","7.9562348932694183e-07","7.3003019874040151e-07","7.4409039557157931e-07","7.3477665834654454e-07","0.00042140011362278051","7.3011255715633574e-07","0","7.4600827992394968e-07","7.3397033748580786e-07","8.0943684266272203e-07","8.4841941364047106e-07","7.4410805577706103e-07","7.316349663503791e-07","7.4368945075422696e-07","7.3002057284796445e-07","7.426603171007381e-07","7.4716915336033135e-07","7.30017233210154e-07","7.4545174501075348e-07","7.9396311109572537e-07","7.5438421814431584e-07","7.954146861526517e-07","7.6238359331724569e-07","0","7.2998967253515225e-07","7.6298770515399823e-07","0.0010979263351585562","8.5127002178783646e-07","7.343648139663593e-07","0","7.3296213926172407e-07","7.7350858919165773e-07","0","9.3832237972804181e-07","0.0015566666735960192","7.3281231621562726e-07","7.2998966995351463e-07","7.3057597115442577e-07","7.2999048030247238e-07","7.2998970479031755e-07","7.9566635374600593e-07","7.4185010138039623e-07","7.4283632155909209e-07","7.4656420716210066e-07","7.4835982360873119e-07","7.3203373362823556e-07","0","7.3449721280332135e-07","7.2999652902467736e-07","7.343439600213715e-07","7.3008920850237856e-07","7.626644847647935e-07","7.5125911761099646e-07","7.3003772802040106e-07","7.6665860835434172e-07","7.4567925531234069e-07","7.4822686722220039e-07","7.300966109848632e-07","0.00090181887458667259","0","8.4213030873623912e-07","7.5398267915693727e-07","7.3046173771687717e-07","9.4691421876571895e-07","7.8973792485597938e-07","0","8.3201672717821207e-07","7.2999430599663325e-07","7.4709169979747154e-07","7.2998966995343162e-07","7.4574563592128445e-07","7.2998966995343162e-07","7.3703512687482192e-07","7.3913375900686563e-07","8.1291725100935271e-07","0","7.2998997951424425e-07","7.2998966995344718e-07","7.2998966995343162e-07","7.3008569507906544e-07"
"20","6.675935416694664e-07","6.5589911327852095e-07","0","6.8821214999629652e-07","6.7562858031286332e-07","6.749701908631601e-07","6.7607329188140413e-07","6.7139080907357747e-07","6.8704007643157022e-07","6.8881979222264175e-07","6.5619012428921689e-07","9.0347524219489994e-07","6.8635449719893163e-07","6.6230639598205551e-07","6.5584815592636575e-07","6.7023333927189829e-07","7.2792722093231509e-07","7.3248627381916837e-07","6.5644993381160235e-07","0","6.7150871769922455e-07","6.5603439127359807e-07","6.9918030757186365e-07","7.2632218759113376e-07","6.8964456891106379e-07","6.7720197084207558e-07","6.6001612608468919e-07","7.0533577547212506e-07","6.7591754433002465e-07","6.5594260312458489e-07","6.6185622645541573e-07","6.8962460639418884e-07","6.9078554154921042e-07","6.722048310103689e-07","0.0012391411969641787","6.6776538559366124e-07","0","6.5584830660952431e-07","6.8237367785949273e-07","6.6169248337242472e-07","7.2626316228876923e-07","6.5979532893671215e-07","0","7.1870819699374199e-07","6.8455546220359314e-07","0","6.5585071339906251e-07","6.5736890939077264e-07","6.6879246925722226e-07","6.558481555689061e-07","7.976373155038811e-07","6.6379713283379284e-07","6.5584818384798757e-07","6.6916547710479281e-07","6.5885597043747897e-07","6.6852503964343854e-07","6.9629758257184552e-07","6.8198951590741292e-07","6.5591693102673357e-07","0","6.6162202032070561e-07","6.5603959931836392e-07","6.5895132893858388e-07","7.0547212194438059e-07","6.9750091203483827e-07","7.0009845020157729e-07","6.5585910639450415e-07","6.9505729095382251e-07","6.578876287796051e-07","0.00044788034036942058","6.7799276348473071e-07","7.0950679520987499e-07","0","6.8966851941986479e-07","6.9392781469646451e-07","6.7668600852034883e-07","7.0399949546278738e-07","6.915666702588578e-07","0","6.8798609702825616e-07","6.6619248327026028e-07","6.8140098729942438e-07","6.5584815556882457e-07","6.7128528603827056e-07","6.5584815556882457e-07","6.8732216443631663e-07","6.6125363206651704e-07","7.3950563173269829e-07","0","6.5584839902604897e-07","6.5584815556882457e-07","6.5584815557118144e-07","6.5707382397267879e-07"
"21","6.7927464248031461e-07","7.6750035204947463e-07","0","7.0023989933978672e-07","6.727088488498498e-07","7.1757023298366416e-07","7.8276263295218311e-07","6.7684005136464879e-07","7.0824469744215383e-07","7.2175314094843705e-07","7.8896002109079199e-07","1.3304828464228186e-06","7.0749366861240726e-07","7.1640777952439215e-07","6.7202425635462441e-07","7.0003678268447164e-07","6.9442444777862279e-07","6.8125172350243183e-07","9.614796296827718e-07","0","6.6769897127841343e-07","8.0909760465224375e-07","7.4506628421742516e-07","8.1719571567346457e-07","7.1944493006657359e-07","6.776763474894717e-07","6.7222735612535868e-07","8.5076760781549017e-07","6.7307561068655271e-07","6.658780803400985e-07","7.1362137476618679e-07","6.9863646508277947e-07","7.2140712475293775e-07","0.0017357535605685205","6.6634064737385889e-07","6.8216665806460042e-07","0","6.6595514352748942e-07","7.2289475469279282e-07","6.8623794713523887e-07","6.6587861167750785e-07","6.7336106219592272e-07","0","6.6590037867479965e-07","7.0228016272298388e-07","0","6.6589328538960037e-07","7.0077933355767561e-07","6.8342591817793376e-07","6.6587820473311271e-07","6.660276243502261e-07","6.806414837118301e-07","6.6587810863176296e-07","7.2641140323165749e-07","7.4517980627452231e-07","7.2464963872771616e-07","7.0268970875342353e-07","6.9956057609482499e-07","6.6695769752017976e-07","0","6.6592583641319407e-07","6.658851261075322e-07","6.6587807870424187e-07","6.6620303883438821e-07","7.0265867379810057e-07","6.8627939489482022e-07","6.6732080149006882e-07","7.0444155156507563e-07","6.7401157525427567e-07","6.659021533753576e-07","6.6652118400882457e-07","7.2746571911197868e-07","0","7.2627801524606976e-07","6.9913277551058373e-07","7.8077530251273084e-07","8.3188346243354965e-07","0.0088905441488043562","0","8.0826273675399526e-07","6.7800774294434881e-07","6.7831824151386919e-07","6.658780783485379e-07","7.0126545279299383e-07","6.6587807834854267e-07","7.4600849106483278e-07","7.0267752429917231e-07","0.0083816575043509107","0","6.658783370625784e-07","6.658780783485379e-07","6.658780783485379e-07","6.8347562216186522e-07"
"22","6.1572921854011447e-07","7.5231422016909785e-07","0","6.2522728908223171e-07","6.0753191663145348e-07","6.1812460391007787e-07","6.9546276062299968e-07","6.4062697611985281e-07","6.1942983648099779e-07","6.4092520104340537e-07","6.4034121417091837e-07","1.8071621013295145e-06","6.1314713312990604e-07","6.2131123311269537e-07","6.028407993991403e-07","6.1844278494497141e-07","6.6008107870471046e-07","6.9461683561309152e-07","6.0286625433744486e-07","0","6.0353941428103193e-07","6.0971536069752961e-07","6.5752396259916331e-07","6.8250095166279776e-07","6.3550555145912872e-07","6.1815987215430832e-07","6.8998332460123249e-07","6.2699449927561324e-07","6.1129351856086124e-07","6.0889019078482706e-07","6.2934765862940364e-07","6.237846420027726e-07","6.5886350023947379e-07","6.5139044147515327e-07","6.0999741828352727e-07","6.1629157187573323e-07","0","6.037990491509043e-07","6.2261481063770084e-07","6.1887428661378519e-07","0.00039541930737241153","6.0578200194957647e-07","0","6.6008594091463895e-07","6.3292019210577693e-07","0","7.4716332340462622e-07","6.0771158488878257e-07","6.154296154255586e-07","6.0284079904760468e-07","6.0308622777091561e-07","6.1319756430371114e-07","2.6959486074154916e-05","6.1509417419476621e-07","6.6311215600550762e-07","6.1315393578776678e-07","6.1973450497555038e-07","6.2631632636130844e-07","6.7342828528190621e-07","0","6.1265931925431698e-07","6.0284529785838167e-07","6.0301332094109439e-07","6.0284645976048105e-07","6.2288610393295437e-07","0.0035199001175312693","6.2723144810365475e-07","6.2005596686684075e-07","6.1005783721788222e-07","6.0288259216028356e-07","6.0286994532800208e-07","6.0286198746980073e-07","0","6.7527628188362737e-07","6.3563035181189525e-07","7.0351813299785112e-07","6.0284589801709198e-07","6.9832780242430231e-07","0","6.9664450284590988e-07","7.7600693441485929e-07","6.1016868121574617e-07","6.0284079904752115e-07","6.257480686229259e-07","6.0284079904752115e-07","6.3343737628227574e-07","6.1816397580570932e-07","6.0333988531525069e-07","0","6.0284101249949881e-07","6.0284079904752115e-07","6.0284079904752115e-07","6.0715724921730357e-07"
"23","6.0332958961690869e-07","6.1513204588217871e-07","0","6.1966928257098325e-07","6.1612611322537766e-07","6.5218461478092156e-07","5.9169181950209144e-07","6.1445677973268141e-07","6.4034736324812465e-07","6.2336903173691457e-07","7.2159359807769015e-07","1.7437298280998384e-06","6.1662125766891227e-07","6.5223933768590658e-07","5.9098963572161365e-07","6.0293058572803251e-07","6.0730196681884383e-07","5.9098963682668513e-07","6.7684823853809853e-07","0","6.2719439904732872e-07","6.8805307722952217e-07","6.5402029008925665e-07","7.162364571547953e-07","6.2396167868301813e-07","6.0600334185466328e-07","6.057438136340861e-07","7.3684193639120074e-07","5.9580799866816011e-07","6.784839791356275e-07","5.9106018356431159e-07","6.0297782968452494e-07","6.4174301397005347e-07","6.0583374106689896e-07","6.9291777457160987e-07","6.0048538509829906e-07","0","8.7874229574634038e-07","6.1987777788727956e-07","7.1215149985261475e-07","6.191246402685564e-07","7.305296801712433e-07","0","5.9099370714276441e-07","6.3408808325042621e-07","0","8.5251664675751895e-07","6.0065805797412328e-07","6.020907372522627e-07","5.9102772505672212e-07","5.9120279470878957e-07","6.1210565843858341e-07","2.2902226582262418e-05","6.0799600307958684e-07","6.0514460881682909e-07","5.9829519711437539e-07","6.0712043531265467e-07","6.0307108478631797e-07","6.5644329474477194e-07","0","6.0966930172443889e-07","6.0683372108423583e-07","5.9098973392178949e-07","5.926791090421998e-07","6.0644008585474123e-07","6.112661843660595e-07","5.9720430911810015e-07","6.2005411343639009e-07","6.0394878355681255e-07","5.9590683343811677e-07","5.9156567913683795e-07","6.9855250101570276e-07","0","8.2999192026345585e-07","6.2010639142570425e-07","5.9130651142377393e-07","5.9099159556408481e-07","6.2223553473191693e-07","0","6.9898489542694044e-07","5.9107099539761544e-07","6.3216651386528749e-07","5.9098963541750828e-07","6.4036060514467775e-07","5.9098963541750828e-07","6.3933054094603595e-07","6.0668352637425283e-07","7.2947663159759456e-07","0","5.9098983895753689e-07","5.9098963541750828e-07","5.9098963541750828e-07","5.9302564805012958e-07"
"24","5.896249002391616e-07","5.8618753727675456e-07","0","6.2862527904142278e-07","6.017356402967869e-07","6.103570106904259e-07","5.9220488928971372e-07","6.0358098768646651e-07","5.8958034383558486e-07","6.178330252901273e-07","6.2644897807668163e-07","5.8628428451014694e-07","6.0678562432425533e-07","6.2365944634799133e-07","5.8617858504685408e-07","5.9278322571829272e-07","8.3289861542243868e-07","6.0737003939926746e-07","5.8725715341542294e-07","0","5.9326660596369213e-07","5.8641985527647868e-07","6.3886643035749695e-07","6.7483344167561164e-07","6.0695164683071995e-07","5.9685866487404063e-07","6.58191741181889e-07","5.8621570098002483e-07","6.0754911030764984e-07","5.8620047257813346e-07","5.8888150315295712e-07","5.9624780165336551e-07","6.2537267348065557e-07","5.8617858573681948e-07","6.0059946416233893e-07","5.8888795270852433e-07","0","0.00058715136593377965","5.9900191895172979e-07","5.865699142543272e-07","5.8642870076722639e-07","5.9320840200004392e-07","0","5.8618778326666804e-07","6.2483553022988587e-07","0","6.0270158921828315e-07","5.8692900497340964e-07","5.9927461774159996e-07","5.8617858474901866e-07","5.865424315670716e-07","5.8656652108455498e-07","5.8617860676898214e-07","5.9511218300167995e-07","5.9782763876926178e-07","6.0204376047449911e-07","6.255530454155546e-07","5.9634992664706431e-07","7.0716520350472953e-07","0","5.9314333209089589e-07","5.8634464835023644e-07","5.8630762556603731e-07","5.8687008832099273e-07","6.1211663396406624e-07","5.9394883280069309e-07","5.8857822034389013e-07","6.1230000739956267e-07","5.938713276685052e-07","7.5230648936559246e-07","5.9210593429845666e-07","6.1795217477330275e-07","0","6.8664993700539021e-07","6.2877033955683522e-07","5.8622227403437695e-07","6.9068831741021454e-07","6.1973332040244052e-07","0","6.635820797263499e-07","6.1550976480140098e-07","6.0510549223964315e-07","5.8617858474894793e-07","5.9968880260696664e-07","5.8617858474894793e-07","6.2456811377416109e-07","5.9336887971720851e-07","7.9042400659505656e-07","0","5.8617878328667036e-07","5.8617858474895725e-07","5.8617858474894793e-07","5.9216916242108895e-07"
